This is XeTeX, Version 3.141592653-2.6-0.999997 (TeX Live 2025) (preloaded format=xelatex 2025.7.7)  22 JUN 2026 11:39
entering extended mode
 restricted \write18 enabled.
 file:line:error style messages enabled.
 %&-line parsing enabled.
**f:/work/fl_ids/clean_repo/baocao_thuctap/baocao_phuc
(f:/work/fl_ids/clean_repo/baocao_thuctap/baocao_phuc.tex
LaTeX2e <2025-06-01> patch level 1
L3 programming layer <2025-06-09>
(./baocaothuctap.cls
Document Class: baocaothuctap 2026/06/21 v1.0 Bao cao thuc tap class
(f:/texlive/2025/texmf-dist/tex/latex/extsizes/extreport.cls
Document Class: extreport 1996/10/08 v1.0 Non Standard LaTeX document class
(f:/texlive/2025/texmf-dist/tex/latex/extsizes/size14.clo
File: size14.clo 1999/11/11 v1.4a NON-Standard LaTeX file (size option)
) (f:/texlive/2025/texmf-dist/tex/latex/base/exscale.sty
Package: exscale 2018/09/24 v2.1i Standard LaTeX package exscale
LaTeX Font Info:    Redeclaring symbol font `largesymbols' on input line 57.
LaTeX Font Info:    Overwriting symbol font `largesymbols' in version `normal'
(Font)                  OMX/cmex/m/n --> OMX/cmex/m/n on input line 57.
LaTeX Font Info:    Overwriting symbol font `largesymbols' in version `bold'
(Font)                  OMX/cmex/m/n --> OMX/cmex/m/n on input line 57.
\big@size=\dimen148
)
\c@part=\count271
\c@chapter=\count272
\c@section=\count273
\c@subsection=\count274
\c@subsubsection=\count275
\c@paragraph=\count276
\c@subparagraph=\count277
\c@figure=\count278
\c@table=\count279
\abovecaptionskip=\skip49
\belowcaptionskip=\skip50
\bibindent=\dimen149
) (f:/texlive/2025/texmf-dist/tex/latex/fontspec/fontspec.sty (f:/texlive/2025/texmf-dist/tex/latex/l3packages/xparse/xparse.sty (f:/texlive/2025/texmf-dist/tex/latex/l3kernel/expl3.sty
Package: expl3 2025-06-09 L3 programming layer (loader) 
 (f:/texlive/2025/texmf-dist/tex/latex/l3backend/l3backend-xetex.def
File: l3backend-xetex.def 2025-06-09 L3 backend support: XeTeX
\g__graphics_track_int=\count280
\g__pdfannot_backend_int=\count281
\g__pdfannot_backend_link_int=\count282
))
Package: xparse 2024-08-16 L3 Experimental document command parser
)
Package: fontspec 2024/05/11 v2.9e Font selection for XeLaTeX and LuaLaTeX
 (f:/texlive/2025/texmf-dist/tex/latex/fontspec/fontspec-xetex.sty
Package: fontspec-xetex 2024/05/11 v2.9e Font selection for XeLaTeX and LuaLaTeX
\l__fontspec_script_int=\count283
\l__fontspec_language_int=\count284
\l__fontspec_strnum_int=\count285
\l__fontspec_tmp_int=\count286
\l__fontspec_tmpa_int=\count287
\l__fontspec_tmpb_int=\count288
\l__fontspec_tmpc_int=\count289
\l__fontspec_em_int=\count290
\l__fontspec_emdef_int=\count291
\l__fontspec_strong_int=\count292
\l__fontspec_strongdef_int=\count293
\l__fontspec_tmpa_dim=\dimen150
\l__fontspec_tmpb_dim=\dimen151
\l__fontspec_tmpc_dim=\dimen152
 (f:/texlive/2025/texmf-dist/tex/latex/base/fontenc.sty
Package: fontenc 2024/12/21 v2.1c Standard LaTeX package
) (f:/texlive/2025/texmf-dist/tex/latex/fontspec/fontspec.cfg)))

Package fontspec Info: 
(fontspec)             Font family 'TimesNewRoman(0)' created for font 'Times
(fontspec)             New Roman' with options [Ligatures=TeX].
(fontspec)              
(fontspec)              This font family consists of the following NFSS
(fontspec)             series/shapes:
(fontspec)              
(fontspec)             - 'normal' (m/n) with NFSS spec.: <->"Times New
(fontspec)             Roman/OT:script=latn;language=dflt;mapping=tex-text;"
(fontspec)             - 'small caps'  (m/sc) with NFSS spec.: <->"Times New
(fontspec)             Roman/OT:script=latn;language=dflt;+smcp;mapping=tex-text;"
(fontspec)             - 'bold' (b/n) with NFSS spec.: <->"Times New
(fontspec)             Roman/B/OT:script=latn;language=dflt;mapping=tex-text;"
(fontspec)             - 'bold small caps'  (b/sc) with NFSS spec.: <->"Times
(fontspec)             New
(fontspec)             Roman/B/OT:script=latn;language=dflt;+smcp;mapping=tex-text;"
(fontspec)             - 'italic' (m/it) with NFSS spec.: <->"Times New
(fontspec)             Roman/I/OT:script=latn;language=dflt;mapping=tex-text;"
(fontspec)             - 'italic small caps'  (m/scit) with NFSS spec.:
(fontspec)             <->"Times New
(fontspec)             Roman/I/OT:script=latn;language=dflt;+smcp;mapping=tex-text;"
(fontspec)             - 'bold italic' (b/it) with NFSS spec.: <->"Times New
(fontspec)             Roman/BI/OT:script=latn;language=dflt;mapping=tex-text;"
(fontspec)             - 'bold italic small caps'  (b/scit) with NFSS spec.:
(fontspec)             <->"Times New
(fontspec)             Roman/BI/OT:script=latn;language=dflt;+smcp;mapping=tex-text;"

 (f:/texlive/2025/texmf-dist/tex/latex/geometry/geometry.sty
Package: geometry 2020/01/02 v5.9 Page Geometry
 (f:/texlive/2025/texmf-dist/tex/latex/graphics/keyval.sty
Package: keyval 2022/05/29 v1.15 key=value parser (DPC)
\KV@toks@=\toks17
) (f:/texlive/2025/texmf-dist/tex/generic/iftex/ifvtex.sty
Package: ifvtex 2019/10/25 v1.7 ifvtex legacy package. Use iftex instead.
 (f:/texlive/2025/texmf-dist/tex/generic/iftex/iftex.sty
Package: iftex 2024/12/12 v1.0g TeX engine tests
))
\Gm@cnth=\count294
\Gm@cntv=\count295
\c@Gm@tempcnt=\count296
\Gm@bindingoffset=\dimen153
\Gm@wd@mp=\dimen154
\Gm@odd@mp=\dimen155
\Gm@even@mp=\dimen156
\Gm@layoutwidth=\dimen157
\Gm@layoutheight=\dimen158
\Gm@layouthoffset=\dimen159
\Gm@layoutvoffset=\dimen160
\Gm@dimlist=\toks18
) (f:/texlive/2025/texmf-dist/tex/latex/amsmath/amsmath.sty
Package: amsmath 2025/06/16 v2.17y AMS math features
\@mathmargin=\skip51

For additional information on amsmath, use the `?' option.
(f:/texlive/2025/texmf-dist/tex/latex/amsmath/amstext.sty
Package: amstext 2024/11/17 v2.01 AMS text
 (f:/texlive/2025/texmf-dist/tex/latex/amsmath/amsgen.sty
File: amsgen.sty 1999/11/30 v2.0 generic functions
\@emptytoks=\toks19
\ex@=\dimen161
)) (f:/texlive/2025/texmf-dist/tex/latex/amsmath/amsbsy.sty
Package: amsbsy 1999/11/29 v1.2d Bold Symbols
\pmbraise@=\dimen162
) (f:/texlive/2025/texmf-dist/tex/latex/amsmath/amsopn.sty
Package: amsopn 2022/04/08 v2.04 operator names
)
\inf@bad=\count297
LaTeX Info: Redefining \frac on input line 233.
\uproot@=\count298
\leftroot@=\count299
LaTeX Info: Redefining \overline on input line 398.
LaTeX Info: Redefining \colon on input line 409.
\classnum@=\count300
\DOTSCASE@=\count301
LaTeX Info: Redefining \ldots on input line 495.
LaTeX Info: Redefining \dots on input line 498.
LaTeX Info: Redefining \cdots on input line 619.
\Mathstrutbox@=\box53
\strutbox@=\box54
LaTeX Info: Redefining \big on input line 721.
LaTeX Info: Redefining \Big on input line 722.
LaTeX Info: Redefining \bigg on input line 723.
LaTeX Info: Redefining \Bigg on input line 724.
\big@size=\dimen163
LaTeX Font Info:    Redeclaring font encoding OML on input line 742.
LaTeX Font Info:    Redeclaring font encoding OMS on input line 743.
\macc@depth=\count302
LaTeX Info: Redefining \bmod on input line 904.
LaTeX Info: Redefining \pmod on input line 909.
LaTeX Info: Redefining \smash on input line 939.
LaTeX Info: Redefining \relbar on input line 969.
LaTeX Info: Redefining \Relbar on input line 970.
\c@MaxMatrixCols=\count303
\dotsspace@=\muskip17
\c@parentequation=\count304
\dspbrk@lvl=\count305
\tag@help=\toks20
\row@=\count306
\column@=\count307
\maxfields@=\count308
\andhelp@=\toks21
\eqnshift@=\dimen164
\alignsep@=\dimen165
\tagshift@=\dimen166
\tagwidth@=\dimen167
\totwidth@=\dimen168
\lineht@=\dimen169
\@envbody=\toks22
\multlinegap=\skip52
\multlinetaggap=\skip53
\mathdisplay@stack=\toks23
LaTeX Info: Redefining \[ on input line 2949.
LaTeX Info: Redefining \] on input line 2950.
) (f:/texlive/2025/texmf-dist/tex/latex/amsfonts/amssymb.sty
Package: amssymb 2013/01/14 v3.01 AMS font symbols
 (f:/texlive/2025/texmf-dist/tex/latex/amsfonts/amsfonts.sty
Package: amsfonts 2013/01/14 v3.01 Basic AMSFonts support
\symAMSa=\mathgroup4
\symAMSb=\mathgroup5
LaTeX Font Info:    Redeclaring math symbol \hbar on input line 98.
LaTeX Font Info:    Overwriting math alphabet `\mathfrak' in version `bold'
(Font)                  U/euf/m/n --> U/euf/b/n on input line 106.
)) (f:/texlive/2025/texmf-dist/tex/latex/graphics/graphicx.sty
Package: graphicx 2024/12/31 v1.2e Enhanced LaTeX Graphics (DPC,SPQR)
 (f:/texlive/2025/texmf-dist/tex/latex/graphics/graphics.sty
Package: graphics 2024/08/06 v1.4g Standard LaTeX Graphics (DPC,SPQR)
 (f:/texlive/2025/texmf-dist/tex/latex/graphics/trig.sty
Package: trig 2023/12/02 v1.11 sin cos tan (DPC)
) (f:/texlive/2025/texmf-dist/tex/latex/graphics-cfg/graphics.cfg
File: graphics.cfg 2016/06/04 v1.11 sample graphics configuration
)
Package graphics Info: Driver file: xetex.def on input line 106.
 (f:/texlive/2025/texmf-dist/tex/latex/graphics-def/xetex.def
File: xetex.def 2022/09/22 v5.0n Graphics/color driver for xetex
))
\Gin@req@height=\dimen170
\Gin@req@width=\dimen171
) (f:/texlive/2025/texmf-dist/tex/latex/xcolor/xcolor.sty
Package: xcolor 2024/09/29 v3.02 LaTeX color extensions (UK)
 (f:/texlive/2025/texmf-dist/tex/latex/graphics-cfg/color.cfg
File: color.cfg 2016/01/02 v1.6 sample color configuration
)
Package xcolor Info: Driver file: xetex.def on input line 274.
 (f:/texlive/2025/texmf-dist/tex/latex/graphics/mathcolor.ltx)
Package xcolor Info: Model `cmy' substituted by `cmy0' on input line 1349.
Package xcolor Info: Model `RGB' extended on input line 1365.
Package xcolor Info: Model `HTML' substituted by `rgb' on input line 1367.
Package xcolor Info: Model `Hsb' substituted by `hsb' on input line 1368.
Package xcolor Info: Model `tHsb' substituted by `hsb' on input line 1369.
Package xcolor Info: Model `HSB' substituted by `hsb' on input line 1370.
Package xcolor Info: Model `Gray' substituted by `gray' on input line 1371.
Package xcolor Info: Model `wave' substituted by `hsb' on input line 1372.
) (f:/texlive/2025/texmf-dist/tex/latex/colortbl/colortbl.sty
Package: colortbl 2024/10/29 v1.0k Color table columns (DPC)
 (f:/texlive/2025/texmf-dist/tex/latex/tools/array.sty
Package: array 2025/06/08 v2.6j Tabular extension package (FMi)
\col@sep=\dimen172
\ar@mcellbox=\box55
\extrarowheight=\dimen173
\NC@list=\toks24
\extratabsurround=\skip54
\backup@length=\skip55
\ar@cellbox=\box56
)
\everycr=\toks25
\minrowclearance=\skip56
\rownum=\count309
) (f:/texlive/2025/texmf-dist/tex/latex/booktabs/booktabs.sty
Package: booktabs 2020/01/12 v1.61803398 Publication quality tables
\heavyrulewidth=\dimen174
\lightrulewidth=\dimen175
\cmidrulewidth=\dimen176
\belowrulesep=\dimen177
\belowbottomsep=\dimen178
\aboverulesep=\dimen179
\abovetopsep=\dimen180
\cmidrulesep=\dimen181
\cmidrulekern=\dimen182
\defaultaddspace=\dimen183
\@cmidla=\count310
\@cmidlb=\count311
\@aboverulesep=\dimen184
\@belowrulesep=\dimen185
\@thisruleclass=\count312
\@lastruleclass=\count313
\@thisrulewidth=\dimen186
) (f:/texlive/2025/texmf-dist/tex/latex/tools/longtable.sty
Package: longtable 2024-12-18 v4.23 Multi-page Table package (DPC)
\LTleft=\skip57
\LTright=\skip58
\LTpre=\skip59
\LTpost=\skip60
\LTchunksize=\count314
\LTcapwidth=\dimen187
\LT@head=\box57
\LT@firsthead=\box58
\LT@foot=\box59
\LT@lastfoot=\box60
\LT@gbox=\box61
\LT@cols=\count315
\LT@rows=\count316
\c@LT@tables=\count317
\c@LT@chunks=\count318
\LT@p@ftn=\toks26
) (f:/texlive/2025/texmf-dist/tex/latex/hyperref/hyperref.sty
Package: hyperref 2025-06-21 v7.01n Hypertext links for LaTeX
 (f:/texlive/2025/texmf-dist/tex/latex/kvsetkeys/kvsetkeys.sty
Package: kvsetkeys 2022-10-05 v1.19 Key value parser (HO)
) (f:/texlive/2025/texmf-dist/tex/generic/kvdefinekeys/kvdefinekeys.sty
Package: kvdefinekeys 2019-12-19 v1.6 Define keys (HO)
) (f:/texlive/2025/texmf-dist/tex/generic/pdfescape/pdfescape.sty
Package: pdfescape 2019/12/09 v1.15 Implements pdfTeX's escape features (HO)
 (f:/texlive/2025/texmf-dist/tex/generic/ltxcmds/ltxcmds.sty
Package: ltxcmds 2023-12-04 v1.26 LaTeX kernel commands for general use (HO)
) (f:/texlive/2025/texmf-dist/tex/generic/pdftexcmds/pdftexcmds.sty
Package: pdftexcmds 2020-06-27 v0.33 Utility functions of pdfTeX for LuaTeX (HO)
 (f:/texlive/2025/texmf-dist/tex/generic/infwarerr/infwarerr.sty
Package: infwarerr 2019/12/03 v1.5 Providing info/warning/error messages (HO)
)
Package pdftexcmds Info: \pdf@primitive is available.
Package pdftexcmds Info: \pdf@ifprimitive is available.
Package pdftexcmds Info: \pdfdraftmode not found.
)) (f:/texlive/2025/texmf-dist/tex/latex/hycolor/hycolor.sty
Package: hycolor 2020-01-27 v1.10 Color options for hyperref/bookmark (HO)
) (f:/texlive/2025/texmf-dist/tex/latex/hyperref/nameref.sty
Package: nameref 2025-06-21 v2.57 Cross-referencing by name of section
 (f:/texlive/2025/texmf-dist/tex/latex/refcount/refcount.sty
Package: refcount 2019/12/15 v3.6 Data extraction from label references (HO)
) (f:/texlive/2025/texmf-dist/tex/generic/gettitlestring/gettitlestring.sty
Package: gettitlestring 2019/12/15 v1.6 Cleanup title references (HO)
 (f:/texlive/2025/texmf-dist/tex/latex/kvoptions/kvoptions.sty
Package: kvoptions 2022-06-15 v3.15 Key value format for package options (HO)
))
\c@section@level=\count319
) (f:/texlive/2025/texmf-dist/tex/latex/etoolbox/etoolbox.sty
Package: etoolbox 2025/02/11 v2.5l e-TeX tools for LaTeX (JAW)
\etb@tempcnta=\count320
) (f:/texlive/2025/texmf-dist/tex/generic/stringenc/stringenc.sty
Package: stringenc 2019/11/29 v1.12 Convert strings between diff. encodings (HO)
)
\@linkdim=\dimen188
\Hy@linkcounter=\count321
\Hy@pagecounter=\count322
 (f:/texlive/2025/texmf-dist/tex/latex/hyperref/pd1enc.def
File: pd1enc.def 2025-06-21 v7.01n Hyperref: PDFDocEncoding definition (HO)
) (f:/texlive/2025/texmf-dist/tex/generic/intcalc/intcalc.sty
Package: intcalc 2019/12/15 v1.3 Expandable calculations with integers (HO)
)
\Hy@SavedSpaceFactor=\count323
 (f:/texlive/2025/texmf-dist/tex/latex/hyperref/puenc.def
File: puenc.def 2025-06-21 v7.01n Hyperref: PDF Unicode definition (HO)
)
Package hyperref Info: Hyper figures OFF on input line 4181.
Package hyperref Info: Link nesting OFF on input line 4186.
Package hyperref Info: Hyper index ON on input line 4189.
Package hyperref Info: Plain pages OFF on input line 4196.
Package hyperref Info: Backreferencing OFF on input line 4201.
Package hyperref Info: Implicit mode ON; LaTeX internals redefined.
Package hyperref Info: Bookmarks ON on input line 4448.
\c@Hy@tempcnt=\count324
 (f:/texlive/2025/texmf-dist/tex/latex/url/url.sty
\Urlmuskip=\muskip18
Package: url 2013/09/16  ver 3.4  Verb mode for urls, etc.
)
LaTeX Info: Redefining \url on input line 4787.
\XeTeXLinkMargin=\dimen189
 (f:/texlive/2025/texmf-dist/tex/generic/bitset/bitset.sty
Package: bitset 2019/12/09 v1.3 Handle bit-vector datatype (HO)
 (f:/texlive/2025/texmf-dist/tex/generic/bigintcalc/bigintcalc.sty
Package: bigintcalc 2019/12/15 v1.5 Expandable calculations on big integers (HO)
))
\Fld@menulength=\count325
\Field@Width=\dimen190
\Fld@charsize=\dimen191
Package hyperref Info: Hyper figures OFF on input line 6066.
Package hyperref Info: Link nesting OFF on input line 6071.
Package hyperref Info: Hyper index ON on input line 6074.
Package hyperref Info: backreferencing OFF on input line 6081.
Package hyperref Info: Link coloring OFF on input line 6086.
Package hyperref Info: Link coloring with OCG OFF on input line 6091.
Package hyperref Info: PDF/A mode OFF on input line 6096.
\Hy@abspage=\count326
\c@Item=\count327
\c@Hfootnote=\count328
)
Package hyperref Info: Driver (autodetected): hxetex.
 (f:/texlive/2025/texmf-dist/tex/latex/hyperref/hxetex.def
File: hxetex.def 2025-06-21 v7.01n Hyperref driver for XeTeX
\pdfm@box=\box62
\c@Hy@AnnotLevel=\count329
\HyField@AnnotCount=\count330
\Fld@listcount=\count331
\c@bookmark@seq@number=\count332
 (f:/texlive/2025/texmf-dist/tex/latex/rerunfilecheck/rerunfilecheck.sty
Package: rerunfilecheck 2025-06-21 v1.11 Rerun checks for auxiliary files (HO)
 (f:/texlive/2025/texmf-dist/tex/generic/uniquecounter/uniquecounter.sty
Package: uniquecounter 2019/12/15 v1.4 Provide unlimited unique counter (HO)
)
Package uniquecounter Info: New unique counter `rerunfilecheck' on input line 284.
)
\Hy@SectionHShift=\skip61
) (f:/texlive/2025/texmf-dist/tex/latex/float/float.sty
Package: float 2001/11/08 v1.3d Float enhancements (AL)
\c@float@type=\count333
\float@exts=\toks27
\float@box=\box63
\@float@everytoks=\toks28
\@floatcapt=\box64
) (f:/texlive/2025/texmf-dist/tex/latex/pdfpages/pdfpages.sty
Package: pdfpages 2025/03/12 v0.6f Insert pages of external PDF documents (AM)
 (f:/texlive/2025/texmf-dist/tex/latex/base/ifthen.sty
Package: ifthen 2024/03/16 v1.1e Standard LaTeX ifthen package (DPC)
) (f:/texlive/2025/texmf-dist/tex/latex/tools/calc.sty
Package: calc 2025/03/01 v4.3b Infix arithmetic (KKT,FJ)
\calc@Acount=\count334
\calc@Bcount=\count335
\calc@Adimen=\dimen192
\calc@Bdimen=\dimen193
\calc@Askip=\skip62
\calc@Bskip=\skip63
LaTeX Info: Redefining \setlength on input line 86.
LaTeX Info: Redefining \addtolength on input line 87.
\calc@Ccount=\count336
\calc@Cskip=\skip64
) (f:/texlive/2025/texmf-dist/tex/latex/eso-pic/eso-pic.sty
Package: eso-pic 2023/05/03 v3.0c eso-pic (RN)
\ESO@tempdima=\dimen194
\ESO@tempdimb=\dimen195
)
\AM@pagewidth=\dimen196
\AM@pageheight=\dimen197
\AM@fboxrule=\dimen198
 (f:/texlive/2025/texmf-dist/tex/latex/pdfpages/ppxetex.def
File: ppxetex.def 2025/03/12 v0.6f Pdfpages driver for XeTeX (AM)
)
\pdfpages@includegraphics@status=\count337
\AM@pagebox=\box65
\AM@global@opts=\toks29
\AM@pagecnt=\count338
\AM@toc@title=\toks30
\AM@lof@heading=\toks31
\c@AM@survey=\count339
\AM@templatesizebox=\box66
) (f:/texlive/2025/texmf-dist/tex/latex/setspace/setspace.sty
Package: setspace 2022/12/04 v6.7b set line spacing
) (f:/texlive/2025/texmf-dist/tex/latex/fancyhdr/fancyhdr.sty
Package: fancyhdr 2025/02/07 v5.2 Extensive control of page headers and footers
\f@nch@headwidth=\skip65
\f@nch@offset@elh=\skip66
\f@nch@offset@erh=\skip67
\f@nch@offset@olh=\skip68
\f@nch@offset@orh=\skip69
\f@nch@offset@elf=\skip70
\f@nch@offset@erf=\skip71
\f@nch@offset@olf=\skip72
\f@nch@offset@orf=\skip73
\f@nch@height=\skip74
\f@nch@footalignment=\skip75
\f@nch@widthL=\skip76
\f@nch@widthC=\skip77
\f@nch@widthR=\skip78
\@temptokenb=\toks32
) (f:/texlive/2025/texmf-dist/tex/latex/titlesec/titlesec.sty
Package: titlesec 2025/01/04 v2.17 Sectioning titles
\ttl@box=\box67
\beforetitleunit=\skip79
\aftertitleunit=\skip80
\ttl@plus=\dimen199
\ttl@minus=\dimen256
\ttl@toksa=\toks33
\titlewidth=\dimen257
\titlewidthlast=\dimen258
\titlewidthfirst=\dimen259
) (f:/texlive/2025/texmf-dist/tex/latex/caption/caption.sty
Package: caption 2023/08/05 v3.6o Customizing captions (AR)
 (f:/texlive/2025/texmf-dist/tex/latex/caption/caption3.sty
Package: caption3 2023/07/31 v2.4d caption3 kernel (AR)
\caption@tempdima=\dimen260
\captionmargin=\dimen261
\caption@leftmargin=\dimen262
\caption@rightmargin=\dimen263
\caption@width=\dimen264
\caption@indent=\dimen265
\caption@parindent=\dimen266
\caption@hangindent=\dimen267
Package caption Info: Standard document class detected.
)
\c@caption@flags=\count340
\c@continuedfloat=\count341
Package caption Info: float package is loaded.
Package caption Info: hyperref package is loaded.
Package caption Info: longtable package is loaded.
 (f:/texlive/2025/texmf-dist/tex/latex/caption/ltcaption.sty
Package: ltcaption 2021/01/08 v1.4c longtable captions (AR)
)) (f:/texlive/2025/texmf-dist/tex/latex/multirow/multirow.sty
Package: multirow 2024/11/12 v2.9 Span multiple rows of a table
\multirow@colwidth=\skip81
\multirow@cntb=\count342
\multirow@dima=\skip82
\bigstrutjot=\dimen268
) (f:/texlive/2025/texmf-dist/tex/latex/algorithm2e/algorithm2e.sty
Invalid UTF-8 byte or sequence at line 284 replaced by U+FFFD.
Invalid UTF-8 byte or sequence at line 299 replaced by U+FFFD.
Invalid UTF-8 byte or sequence at line 550 replaced by U+FFFD.
Package: algorithm2e 2017/07/18 v5.2 algorithms environments
\c@AlgoLine=\count343
\algocf@hangindent=\skip83
 (f:/texlive/2025/texmf-dist/tex/latex/ifoddpage/ifoddpage.sty
Package: ifoddpage 2022/10/18 v1.2 Conditionals for odd/even page detection
\c@checkoddpage=\count344
) (f:/texlive/2025/texmf-dist/tex/latex/tools/xspace.sty
Package: xspace 2014/10/28 v1.13 Space after command names (DPC,MH)
) (f:/texlive/2025/texmf-dist/tex/latex/relsize/relsize.sty
Package: relsize 2013/03/29 ver 4.1
)
\skiptotal=\skip84
\skiplinenumber=\skip85
\skiprule=\skip86
\skiphlne=\skip87
\skiptext=\skip88
\skiplength=\skip89
\algomargin=\skip90
\skipalgocfslide=\skip91
\algowidth=\dimen269
\inoutsize=\dimen270
\inoutindent=\dimen271
\interspacetitleruled=\dimen272
\interspacealgoruled=\dimen273
\interspacetitleboxruled=\dimen274
\algocf@ruledwidth=\skip92
\algocf@inoutbox=\box68
\algocf@inputbox=\box69
\AlCapSkip=\skip93
\AlCapHSkip=\skip94
\algoskipindent=\skip95
\algocf@nlbox=\box70
\algocf@hangingbox=\box71
\algocf@untilbox=\box72
\algocf@skipuntil=\skip96
\algocf@capbox=\box73
\algocf@lcaptionbox=\skip97
\algoheightruledefault=\skip98
\algoheightrule=\skip99
\algotitleheightruledefault=\skip100
\algotitleheightrule=\skip101
\c@algocfline=\count345
\c@algocfproc=\count346
\c@algocf=\count347
\algocf@algoframe=\box74
\algocf@algobox=\box75
)
Package hyperref Info: Option `colorlinks' set `true' on input line 81.
)
No file baocao_phuc.aux.
\openout1 = `baocao_phuc.aux'.

LaTeX Font Info:    Checking defaults for OML/cmm/m/it on input line 4.
LaTeX Font Info:    ... okay on input line 4.
LaTeX Font Info:    Checking defaults for OMS/cmsy/m/n on input line 4.
LaTeX Font Info:    ... okay on input line 4.
LaTeX Font Info:    Checking defaults for OT1/cmr/m/n on input line 4.
LaTeX Font Info:    ... okay on input line 4.
LaTeX Font Info:    Checking defaults for T1/cmr/m/n on input line 4.
LaTeX Font Info:    ... okay on input line 4.
LaTeX Font Info:    Checking defaults for TS1/cmr/m/n on input line 4.
LaTeX Font Info:    ... okay on input line 4.
LaTeX Font Info:    Checking defaults for TU/lmr/m/n on input line 4.
LaTeX Font Info:    ... okay on input line 4.
LaTeX Font Info:    Checking defaults for OMX/cmex/m/n on input line 4.
LaTeX Font Info:    ... okay on input line 4.
LaTeX Font Info:    Checking defaults for U/cmr/m/n on input line 4.
LaTeX Font Info:    ... okay on input line 4.
LaTeX Font Info:    Checking defaults for PD1/pdf/m/n on input line 4.
LaTeX Font Info:    ... okay on input line 4.
LaTeX Font Info:    Checking defaults for PU/pdf/m/n on input line 4.
LaTeX Font Info:    ... okay on input line 4.

Package fontspec Info: 
(fontspec)             Adjusting the maths setup (use [no-math] to avoid
(fontspec)             this).

\symlegacymaths=\mathgroup6
LaTeX Font Info:    Overwriting symbol font `legacymaths' in version `bold'
(Font)                  OT1/cmr/m/n --> OT1/cmr/bx/n on input line 4.
LaTeX Font Info:    Redeclaring math accent \acute on input line 4.
LaTeX Font Info:    Redeclaring math accent \grave on input line 4.
LaTeX Font Info:    Redeclaring math accent \ddot on input line 4.
LaTeX Font Info:    Redeclaring math accent \tilde on input line 4.
LaTeX Font Info:    Redeclaring math accent \bar on input line 4.
LaTeX Font Info:    Redeclaring math accent \breve on input line 4.
LaTeX Font Info:    Redeclaring math accent \check on input line 4.
LaTeX Font Info:    Redeclaring math accent \hat on input line 4.
LaTeX Font Info:    Redeclaring math accent \dot on input line 4.
LaTeX Font Info:    Redeclaring math accent \mathring on input line 4.
LaTeX Font Info:    Redeclaring math symbol \Gamma on input line 4.
LaTeX Font Info:    Redeclaring math symbol \Delta on input line 4.
LaTeX Font Info:    Redeclaring math symbol \Theta on input line 4.
LaTeX Font Info:    Redeclaring math symbol \Lambda on input line 4.
LaTeX Font Info:    Redeclaring math symbol \Xi on input line 4.
LaTeX Font Info:    Redeclaring math symbol \Pi on input line 4.
LaTeX Font Info:    Redeclaring math symbol \Sigma on input line 4.
LaTeX Font Info:    Redeclaring math symbol \Upsilon on input line 4.
LaTeX Font Info:    Redeclaring math symbol \Phi on input line 4.
LaTeX Font Info:    Redeclaring math symbol \Psi on input line 4.
LaTeX Font Info:    Redeclaring math symbol \Omega on input line 4.
LaTeX Font Info:    Redeclaring math symbol \mathdollar on input line 4.
LaTeX Font Info:    Redeclaring symbol font `operators' on input line 4.
LaTeX Font Info:    Encoding `OT1' has changed to `TU' for symbol font
(Font)              `operators' in the math version `normal' on input line 4.
LaTeX Font Info:    Overwriting symbol font `operators' in version `normal'
(Font)                  OT1/cmr/m/n --> TU/TimesNewRoman(0)/m/n on input line 4.
LaTeX Font Info:    Encoding `OT1' has changed to `TU' for symbol font
(Font)              `operators' in the math version `bold' on input line 4.
LaTeX Font Info:    Overwriting symbol font `operators' in version `bold'
(Font)                  OT1/cmr/bx/n --> TU/TimesNewRoman(0)/m/n on input line 4.
LaTeX Font Info:    Overwriting symbol font `operators' in version `normal'
(Font)                  TU/TimesNewRoman(0)/m/n --> TU/TimesNewRoman(0)/m/n on input line 4.
LaTeX Font Info:    Overwriting math alphabet `\mathit' in version `normal'
(Font)                  OT1/cmr/m/it --> TU/TimesNewRoman(0)/m/it on input line 4.
LaTeX Font Info:    Overwriting math alphabet `\mathbf' in version `normal'
(Font)                  OT1/cmr/bx/n --> TU/TimesNewRoman(0)/b/n on input line 4.
LaTeX Font Info:    Overwriting math alphabet `\mathsf' in version `normal'
(Font)                  OT1/cmss/m/n --> TU/lmss/m/n on input line 4.
LaTeX Font Info:    Overwriting math alphabet `\mathtt' in version `normal'
(Font)                  OT1/cmtt/m/n --> TU/lmtt/m/n on input line 4.
LaTeX Font Info:    Overwriting symbol font `operators' in version `bold'
(Font)                  TU/TimesNewRoman(0)/m/n --> TU/TimesNewRoman(0)/b/n on input line 4.
LaTeX Font Info:    Overwriting math alphabet `\mathit' in version `bold'
(Font)                  OT1/cmr/bx/it --> TU/TimesNewRoman(0)/b/it on input line 4.
LaTeX Font Info:    Overwriting math alphabet `\mathsf' in version `bold'
(Font)                  OT1/cmss/bx/n --> TU/lmss/b/n on input line 4.
LaTeX Font Info:    Overwriting math alphabet `\mathtt' in version `bold'
(Font)                  OT1/cmtt/m/n --> TU/lmtt/b/n on input line 4.
*geometry* driver: auto-detecting
*geometry* detected driver: xetex
*geometry* verbose mode - [ preamble ] result:
* driver: xetex
* paper: <default>
* layout: <same size as paper>
* layoutoffset:(h,v)=(0.0pt,0.0pt)
* modes: 
* h-part:(L,W,R)=(85.35826pt, 426.79135pt, 85.35826pt)
* v-part:(T,H,B)=(71.13188pt, 702.78308pt, 71.13188pt)
* \paperwidth=597.50787pt
* \paperheight=845.04684pt
* \textwidth=426.79135pt
* \textheight=702.78308pt
* \oddsidemargin=13.08827pt
* \evensidemargin=13.08827pt
* \topmargin=-40.1381pt
* \headheight=15.5pt
* \headsep=25.0pt
* \topskip=14.0pt
* \footskip=30.0pt
* \marginparwidth=15.0pt
* \marginparsep=10.0pt
* \columnsep=10.0pt
* \skip\footins=12.0pt plus 4.0pt minus 2.0pt
* \hoffset=0.0pt
* \voffset=0.0pt
* \mag=1000
* \@twocolumnfalse
* \@twosidefalse
* \@mparswitchfalse
* \@reversemarginfalse
* (1in=72.27pt=25.4mm, 1cm=28.453pt)

Package hyperref Info: Link coloring ON on input line 4.
\@outlinefile=\write3
\openout3 = `baocao_phuc.out'.


Package hyperref Warning: Rerun to get /PageLabels entry.

(f:/texlive/2025/texmf-dist/tex/latex/pdflscape/pdflscape.sty
Package: pdflscape 2025-06-23 v0.14 Display of landscape pages in PDF
 (f:/texlive/2025/texmf-dist/tex/latex/pdflscape/pdflscape-nometadata.sty
Package: pdflscape-nometadata 2025-06-23 v0.14 Display of landscape pages in PDF (HO)
 (f:/texlive/2025/texmf-dist/tex/latex/graphics/lscape.sty
Package: lscape 2020/05/28 v3.02 Landscape Pages (DPC)
)
Package pdflscape Info: Auto-detected driver: dvipdfm (xetex) on input line 98.
))
Package caption Info: Begin \AtBeginDocument code.
Package caption Info: End \AtBeginDocument code.
File: bctt_phuc.pdf Graphic file (type pdf)
<use bctt_phuc.pdf>
File: bctt_phuc.pdf Graphic file (type pdf)
<use bctt_phuc.pdf, page 1>
File: bctt_phuc.pdf Graphic file (type pdf)
<use bctt_phuc.pdf, page 1>
File: bctt_phuc.pdf Graphic file (type pdf)
<use bctt_phuc.pdf, page 1>
File: bctt_phuc.pdf Graphic file (type pdf)
<use bctt_phuc.pdf, page 1>


File: bctt_phuc.pdf Graphic file (type pdf)
<use bctt_phuc.pdf, page 1>
[1


]
File: bctt_phuc.pdf Graphic file (type pdf)
<use bctt_phuc.pdf, page 2>
File: bctt_phuc.pdf Graphic file (type pdf)
<use bctt_phuc.pdf, page 2>


File: bctt_phuc.pdf Graphic file (type pdf)
<use bctt_phuc.pdf, page 2>
[2

]
File: bctt_phuc.pdf Graphic file (type pdf)
<use bctt_phuc.pdf, page 3>
File: bctt_phuc.pdf Graphic file (type pdf)
<use bctt_phuc.pdf, page 3>


File: bctt_phuc.pdf Graphic file (type pdf)
<use bctt_phuc.pdf, page 3>
[3

]
File: bctt_phuc.pdf Graphic file (type pdf)
<use bctt_phuc.pdf, page 4>
File: bctt_phuc.pdf Graphic file (type pdf)
<use bctt_phuc.pdf, page 4>


File: bctt_phuc.pdf Graphic file (type pdf)
<use bctt_phuc.pdf, page 4>
[4

]
File: bctt_phuc.pdf Graphic file (type pdf)
<use bctt_phuc.pdf, page 5>
File: bctt_phuc.pdf Graphic file (type pdf)
<use bctt_phuc.pdf, page 5>


File: bctt_phuc.pdf Graphic file (type pdf)
<use bctt_phuc.pdf, page 5>
[5

] (./baocao_body.tex (./frontmatter/loicamon.tex

[6

])


Package fancyhdr Warning: \headheight is too small (15.5pt): 
(fancyhdr)                Make it at least 17.93208pt, for example:
(fancyhdr)                \setlength{\headheight}{17.93208pt}.
(fancyhdr)                You might also make \topmargin smaller:
(fancyhdr)                \addtolength{\topmargin}{-2.43208pt}.

[7] (./frontmatter/mucluc.tex
No file baocao_phuc.toc.
\tf@toc=\write4
\openout4 = `baocao_phuc.toc'.

)

[8

] (./frontmatter/danhsach_hinh.tex
No file baocao_phuc.lof.
\tf@lof=\write5
\openout5 = `baocao_phuc.lof'.

)

[9

] (./frontmatter/danhsach_bang.tex
No file baocao_phuc.lot.
\tf@lot=\write6
\openout6 = `baocao_phuc.lot'.

)

[10

] (./frontmatter/danhmuc_tuviettat.tex
Underfull \hbox (badness 1796) in paragraph at lines 23--23
[]|\TU/TimesNewRoman(0)/m/n/12 Convolutional Neu-
 []


Underfull \hbox (badness 10000) in paragraph at lines 25--25
[]|\TU/TimesNewRoman(0)/m/n/12 Decentralized
 []


Underfull \hbox (badness 10000) in paragraph at lines 26--26
[]|\TU/TimesNewRoman(0)/m/n/12 Distributed Denial
 []


Underfull \hbox (badness 10000) in paragraph at lines 27--27
[]|\TU/TimesNewRoman(0)/m/n/12 Evidential Knowl-
 []


Underfull \hbox (badness 10000) in paragraph at lines 28--28
[]|\TU/TimesNewRoman(0)/m/n/12 Energy-based Vote
 []


Underfull \hbox (badness 10000) in paragraph at lines 29--29
[]|\TU/TimesNewRoman(0)/m/n/12 Federated Distilla-
 []


Underfull \hbox (badness 3291) in paragraph at lines 31--31
[]|\TU/TimesNewRoman(0)/m/n/12 Graph Neural Net-
 []


Underfull \hbox (badness 10000) in paragraph at lines 32--32
[]|\TU/TimesNewRoman(0)/m/n/12 Gated Recurrent
 []


Underfull \hbox (badness 10000) in paragraph at lines 33--33
[]|\TU/TimesNewRoman(0)/m/n/12 Intrusion Detection
 []


Underfull \hbox (badness 10000) in paragraph at lines 35--35
[]|\TU/TimesNewRoman(0)/m/n/12 Loss Maximization
 []

)

[11

] (./chapters/chuong1.tex
Chương 1.


[12

]

LaTeX Warning: Citation `sonicwall2024report' on page 13 undefined on input line 29.


LaTeX Warning: Citation `netgear2024report' on page 13 undefined on input line 29.


LaTeX Warning: Citation `hackernews2026report' on page 13 undefined on input line 29.


LaTeX Warning: Citation `fedavg' on page 13 undefined on input line 31.


LaTeX Warning: Citation `bonawitz2016secagg' on page 13 undefined on input line 33.


LaTeX Warning: Citation `li2020deepfed' on page 13 undefined on input line 33.


LaTeX Warning: Citation `hinton2015kd' on page 13 undefined on input line 35.


LaTeX Warning: Citation `li2024fdsurvey' on page 13 undefined on input line 35.




Package fancyhdr Warning: \headheight is too small (15.5pt): 
(fancyhdr)                Make it at least 17.93208pt, for example:
(fancyhdr)                \setlength{\headheight}{17.93208pt}.
(fancyhdr)                You might also make \topmargin smaller:
(fancyhdr)                \addtolength{\topmargin}{-2.43208pt}.

[13]

LaTeX Warning: Citation `braintorrent' on page 14 undefined on input line 37.


LaTeX Warning: Citation `tolpegin2020targetedflip' on page 14 undefined on input line 39.


LaTeX Warning: Citation `fang2020attacks' on page 14 undefined on input line 39.


LaTeX Warning: Citation `roux2025byzantine' on page 14 undefined on input line 39.


LaTeX Warning: Citation `roux2025byzantine' on page 14 undefined on input line 39.


LaTeX Warning: Citation `diakonikolas2017robustfilter' on page 14 undefined on input line 41.


LaTeX Warning: Citation `blom' on page 14 undefined on input line 41.




Package fancyhdr Warning: \headheight is too small (15.5pt): 
(fancyhdr)                Make it at least 17.93208pt, for example:
(fancyhdr)                \setlength{\headheight}{17.93208pt}.
(fancyhdr)                You might also make \topmargin smaller:
(fancyhdr)                \addtolength{\topmargin}{-2.43208pt}.

[14]


Package fancyhdr Warning: \headheight is too small (15.5pt): 
(fancyhdr)                Make it at least 17.93208pt, for example:
(fancyhdr)                \setlength{\headheight}{17.93208pt}.
(fancyhdr)                You might also make \topmargin smaller:
(fancyhdr)                \addtolength{\topmargin}{-2.43208pt}.

[15]

LaTeX Warning: Citation `chang2019cronus' on page 16 undefined on input line 91.


Overfull \hbox (1.48286pt too wide) in paragraph at lines 101--102
[][]\TU/TimesNewRoman(0)/m/n/12 : Thiết kế và hiện thực các mô hình, tiến hành thực nghiệm
 []




Package fancyhdr Warning: \headheight is too small (15.5pt): 
(fancyhdr)                Make it at least 17.93208pt, for example:
(fancyhdr)                \setlength{\headheight}{17.93208pt}.
(fancyhdr)                You might also make \topmargin smaller:
(fancyhdr)                \addtolength{\topmargin}{-2.43208pt}.

[16]

LaTeX Warning: Reference `tab:plan_summary' on page 17 undefined on input line 109.

LaTeX Font Info:    Trying to load font information for U+msa on input line 115.
(f:/texlive/2025/texmf-dist/tex/latex/amsfonts/umsa.fd
File: umsa.fd 2013/01/14 v3.01 AMS symbols A
)
LaTeX Font Info:    Trying to load font information for U+msb on input line 115.
 (f:/texlive/2025/texmf-dist/tex/latex/amsfonts/umsb.fd
File: umsb.fd 2013/01/14 v3.01 AMS symbols B
)
Overfull \hbox (54.4171pt too wide) in paragraph at lines 115--130
 [][] 
 []




Package fancyhdr Warning: \headheight is too small (15.5pt): 
(fancyhdr)                Make it at least 17.93208pt, for example:
(fancyhdr)                \setlength{\headheight}{17.93208pt}.
(fancyhdr)                You might also make \topmargin smaller:
(fancyhdr)                \addtolength{\topmargin}{-2.43208pt}.

[17])


Package fancyhdr Warning: \headheight is too small (15.5pt): 
(fancyhdr)                Make it at least 17.93208pt, for example:
(fancyhdr)                \setlength{\headheight}{17.93208pt}.
(fancyhdr)                You might also make \topmargin smaller:
(fancyhdr)                \addtolength{\topmargin}{-2.43208pt}.

[18] (./chapters/chuong2.tex
Chương 2.

LaTeX Warning: Reference `sec:reason' on page 19 undefined on input line 9.



[19

]

LaTeX Warning: Citation `fedavg' on page 20 undefined on input line 42.


LaTeX Warning: Reference `fedavg' on page 20 undefined on input line 42.




Package fancyhdr Warning: \headheight is too small (15.5pt): 
(fancyhdr)                Make it at least 17.93208pt, for example:
(fancyhdr)                \setlength{\headheight}{17.93208pt}.
(fancyhdr)                You might also make \topmargin smaller:
(fancyhdr)                \addtolength{\topmargin}{-2.43208pt}.

[20]

LaTeX Warning: Citation `he2022fedssd' on page 21 undefined on input line 51.


LaTeX Warning: Citation `acar2021feddyn' on page 21 undefined on input line 51.


LaTeX Warning: Citation `li2020fedprox' on page 21 undefined on input line 53.


LaTeX Warning: Citation `kim2022fedmlb' on page 21 undefined on input line 53.


LaTeX Warning: Citation `acar2021feddyn' on page 21 undefined on input line 53.


LaTeX Warning: Citation `zhu2019dlg' on page 21 undefined on input line 55.


LaTeX Warning: Citation `zhao2020idlg' on page 21 undefined on input line 55.


LaTeX Warning: Citation `geiping2020inverting' on page 21 undefined on input line 55.


LaTeX Warning: Citation `pyrgelis2017knockknock' on page 21 undefined on input line 55.


LaTeX Warning: Citation `melis2019mia' on page 21 undefined on input line 55.


LaTeX Warning: Citation `ganju2018inference' on page 21 undefined on input line 55.


LaTeX Warning: Citation `bonawitz2016secagg' on page 21 undefined on input line 57.


LaTeX Warning: Citation `li2020deepfed' on page 21 undefined on input line 57.


LaTeX Warning: Citation `li2019fedmd' on page 21 undefined on input line 61.


LaTeX Warning: Citation `tan2022fedproto' on page 21 undefined on input line 61.


LaTeX Warning: Citation `jeong2018federateddistillation' on page 21 undefined on input line 61.


LaTeX Warning: Citation `hinton2015kd' on page 21 undefined on input line 61.


LaTeX Warning: Citation `li2019fedmd' on page 21 undefined on input line 61.


LaTeX Warning: Citation `jeong2018federateddistillation' on page 21 undefined on input line 61.


LaTeX Warning: Citation `tan2022fedproto' on page 21 undefined on input line 61.




Package fancyhdr Warning: \headheight is too small (15.5pt): 
(fancyhdr)                Make it at least 17.93208pt, for example:
(fancyhdr)                \setlength{\headheight}{17.93208pt}.
(fancyhdr)                You might also make \topmargin smaller:
(fancyhdr)                \addtolength{\topmargin}{-2.43208pt}.

[21]

LaTeX Warning: Reference `federateddistillation' on page 22 undefined on input line 63.


LaTeX Warning: Citation `li2019fedmd' on page 22 undefined on input line 72.


LaTeX Warning: Citation `zhao2022ssfl' on page 22 undefined on input line 74.




Package fancyhdr Warning: \headheight is too small (15.5pt): 
(fancyhdr)                Make it at least 17.93208pt, for example:
(fancyhdr)                \setlength{\headheight}{17.93208pt}.
(fancyhdr)                You might also make \topmargin smaller:
(fancyhdr)                \addtolength{\topmargin}{-2.43208pt}.

[22]

LaTeX Warning: Citation `beltran2023dflsurvey' on page 23 undefined on input line 78.


LaTeX Warning: Citation `braintorrent' on page 23 undefined on input line 80.


LaTeX Warning: Citation `friha20232dfl-ids' on page 23 undefined on input line 82.


LaTeX Warning: Citation `nakip2023dfl-ids' on page 23 undefined on input line 82.




Package fancyhdr Warning: \headheight is too small (15.5pt): 
(fancyhdr)                Make it at least 17.93208pt, for example:
(fancyhdr)                \setlength{\headheight}{17.93208pt}.
(fancyhdr)                You might also make \topmargin smaller:
(fancyhdr)                \addtolength{\topmargin}{-2.43208pt}.

[23]

LaTeX Warning: Citation `xie2025poisonedfl' on page 24 undefined on input line 95.


LaTeX Warning: Citation `cao2020fltrust' on page 24 undefined on input line 95.


LaTeX Warning: Citation `nguyen2022flame' on page 24 undefined on input line 95.


LaTeX Warning: Citation `roux2025byzantine' on page 24 undefined on input line 98.


LaTeX Warning: Citation `yin2018fedcomed' on page 24 undefined on input line 109.


LaTeX Warning: Citation `yin2018fedcomed' on page 24 undefined on input line 110.


LaTeX Warning: Citation `blanchard2017krum' on page 24 undefined on input line 111.




Package fancyhdr Warning: \headheight is too small (15.5pt): 
(fancyhdr)                Make it at least 17.93208pt, for example:
(fancyhdr)                \setlength{\headheight}{17.93208pt}.
(fancyhdr)                You might also make \topmargin smaller:
(fancyhdr)                \addtolength{\topmargin}{-2.43208pt}.

[24]

LaTeX Warning: Citation `guerraoui2018bulyan' on page 25 undefined on input line 112.


LaTeX Warning: Citation `nguyen2022flame' on page 25 undefined on input line 117.


LaTeX Warning: Citation `mcinnes2017hdbscan' on page 25 undefined on input line 117.


LaTeX Warning: Citation `chang2019cronus' on page 25 undefined on input line 118.


LaTeX Warning: Citation `roux2025byzantine' on page 25 undefined on input line 119.


LaTeX Warning: Citation `xiang2025ekd' on page 25 undefined on input line 127.


LaTeX Warning: Citation `liu2020energy' on page 25 undefined on input line 141.


LaTeX Warning: Citation `liu2020energy' on page 25 undefined on input line 141.




Package fancyhdr Warning: \headheight is too small (15.5pt): 
(fancyhdr)                Make it at least 17.93208pt, for example:
(fancyhdr)                \setlength{\headheight}{17.93208pt}.
(fancyhdr)                You might also make \topmargin smaller:
(fancyhdr)                \addtolength{\topmargin}{-2.43208pt}.

[25])


Package fancyhdr Warning: \headheight is too small (15.5pt): 
(fancyhdr)                Make it at least 17.93208pt, for example:
(fancyhdr)                \setlength{\headheight}{17.93208pt}.
(fancyhdr)                You might also make \topmargin smaller:
(fancyhdr)                \addtolength{\topmargin}{-2.43208pt}.

[26] (./chapters/chuong3.tex
Chương 3.
File: images/Pipeline.png Graphic file (type bmp)
<images/Pipeline.png>

LaTeX Warning: Reference `energy' on page 27 undefined on input line 21.


LaTeX Warning: Reference `sec:eva' on page 27 undefined on input line 21.


LaTeX Warning: Reference `sec:blom' on page 27 undefined on input line 23.



[27

]

LaTeX Warning: Citation `li2019fedmd' on page 28 undefined on input line 30.


LaTeX Warning: Citation `roux2025byzantine' on page 28 undefined on input line 30.


LaTeX Warning: Reference `energy' on page 28 undefined on input line 32.


LaTeX Warning: Citation `liu2020energy' on page 28 undefined on input line 39.




Package fancyhdr Warning: \headheight is too small (15.5pt): 
(fancyhdr)                Make it at least 17.7352pt, for example:
(fancyhdr)                \setlength{\headheight}{17.7352pt}.
(fancyhdr)                You might also make \topmargin smaller:
(fancyhdr)                \addtolength{\topmargin}{-2.2352pt}.

[28]

LaTeX Warning: Reference `alg:RobustFusion' on page 29 undefined on input line 58.


LaTeX Warning: Reference `alg:BlomRobustFilter' on page 29 undefined on input line 84.


LaTeX Warning: Reference `FinalFusion' on page 29 undefined on input line 90.




Package fancyhdr Warning: \headheight is too small (15.5pt): 
(fancyhdr)                Make it at least 17.7352pt, for example:
(fancyhdr)                \setlength{\headheight}{17.7352pt}.
(fancyhdr)                You might also make \topmargin smaller:
(fancyhdr)                \addtolength{\topmargin}{-2.2352pt}.

[29]

LaTeX Warning: Citation `chang2019cronus' on page 30 undefined on input line 96.


LaTeX Warning: Citation `diakonikolas2017robustfilter' on page 30 undefined on input line 96.


LaTeX Warning: Citation `baruch2019little' on page 30 undefined on input line 96.




Package fancyhdr Warning: \headheight is too small (15.5pt): 
(fancyhdr)                Make it at least 17.7352pt, for example:
(fancyhdr)                \setlength{\headheight}{17.7352pt}.
(fancyhdr)                You might also make \topmargin smaller:
(fancyhdr)                \addtolength{\topmargin}{-2.2352pt}.

[30]

LaTeX Warning: Citation `blom' on page 31 undefined on input line 108.


LaTeX Warning: Citation `roux2025byzantine' on page 31 undefined on input line 112.


LaTeX Warning: Citation `xie2025poisonedfl' on page 31 undefined on input line 112.




Package fancyhdr Warning: \headheight is too small (15.5pt): 
(fancyhdr)                Make it at least 17.7352pt, for example:
(fancyhdr)                \setlength{\headheight}{17.7352pt}.
(fancyhdr)                You might also make \topmargin smaller:
(fancyhdr)                \addtolength{\topmargin}{-2.2352pt}.

[31]

LaTeX Warning: Reference `alg:BlomRobustFilter' on page 32 undefined on input line 150.




Package fancyhdr Warning: \headheight is too small (15.5pt): 
(fancyhdr)                Make it at least 17.7352pt, for example:
(fancyhdr)                \setlength{\headheight}{17.7352pt}.
(fancyhdr)                You might also make \topmargin smaller:
(fancyhdr)                \addtolength{\topmargin}{-2.2352pt}.

[32]

LaTeX Warning: Reference `ekd' on page 33 undefined on input line 160.


LaTeX Warning: Reference `eva' on page 33 undefined on input line 180.


LaTeX Warning: Reference `energymask' on page 33 undefined on input line 180.


LaTeX Warning: Reference `energymask' on page 33 undefined on input line 180.


LaTeX Warning: Reference `alg:RobustFusion' on page 33 undefined on input line 180.

)


Package fancyhdr Warning: \headheight is too small (15.5pt): 
(fancyhdr)                Make it at least 17.7352pt, for example:
(fancyhdr)                \setlength{\headheight}{17.7352pt}.
(fancyhdr)                You might also make \topmargin smaller:
(fancyhdr)                \addtolength{\topmargin}{-2.2352pt}.

[33] (./chapters/chuong4.tex
Chương 4.

LaTeX Warning: Citation `ciciot2023' on page 34 undefined on input line 13.


LaTeX Warning: Reference `tab:cic23_features' on page 34 undefined on input line 15.


Underfull \hbox (badness 10000) in paragraph at lines 27--28
[]|\TU/TimesNewRoman(0)/m/n/14.4 syn_flag_number, ack_flag_number,
 []


Underfull \hbox (badness 10000) in paragraph at lines 27--28
\TU/TimesNewRoman(0)/m/n/14.4 psh_flag_number, rst_flag_number,
 []



[34

]
File: images/partition.png Graphic file (type bmp)
<images/partition.png>



Package fancyhdr Warning: \headheight is too small (15.5pt): 
(fancyhdr)                Make it at least 17.7352pt, for example:
(fancyhdr)                \setlength{\headheight}{17.7352pt}.
(fancyhdr)                You might also make \topmargin smaller:
(fancyhdr)                \addtolength{\topmargin}{-2.2352pt}.

[35]


Package fancyhdr Warning: \headheight is too small (15.5pt): 
(fancyhdr)                Make it at least 17.7352pt, for example:
(fancyhdr)                \setlength{\headheight}{17.7352pt}.
(fancyhdr)                You might also make \topmargin smaller:
(fancyhdr)                \addtolength{\topmargin}{-2.2352pt}.

[36]

LaTeX Warning: Citation `tolpegin2020targetedflip' on page 37 undefined on input line 101.


LaTeX Warning: Citation `xie2025poisonedfl' on page 37 undefined on input line 104.




Package fancyhdr Warning: \headheight is too small (15.5pt): 
(fancyhdr)                Make it at least 17.7352pt, for example:
(fancyhdr)                \setlength{\headheight}{17.7352pt}.
(fancyhdr)                You might also make \topmargin smaller:
(fancyhdr)                \addtolength{\topmargin}{-2.2352pt}.

[37]


Package fancyhdr Warning: \headheight is too small (15.5pt): 
(fancyhdr)                Make it at least 17.7352pt, for example:
(fancyhdr)                \setlength{\headheight}{17.7352pt}.
(fancyhdr)                You might also make \topmargin smaller:
(fancyhdr)                \addtolength{\topmargin}{-2.2352pt}.

[38]

LaTeX Warning: Citation `kasongo2023gru' on page 39 undefined on input line 141.


LaTeX Warning: Reference `tab:gru_arch' on page 39 undefined on input line 141.


./chapters/chuong4.tex:147: LaTeX Error: Environment tabularx undefined.

See the LaTeX manual or LaTeX Companion for explanation.
Type  H <return>  for immediate help.
 ...                                              
                                                  
l.147 \begin{tabularx}
                      {\textwidth}{l c X}
Your command was ignored.
Type  I <command> <return>  to replace it with another command,
or  <return>  to continue without it.

./chapters/chuong4.tex:147: Missing number, treated as zero.
<to be read again> 
                   }
l.147 \begin{tabularx}{\textwidth}
                                  {l c X}
A number should have been here; I inserted `0'.
(If you can't figure out why I needed to see a number,
look up `weird error' in the index to The TeXbook.)

./chapters/chuong4.tex:147: Illegal unit of measure (pt inserted).
<to be read again> 
                   }
l.147 \begin{tabularx}{\textwidth}
                                  {l c X}
Dimensions can be in units of em, ex, in, pt, pc,
cm, mm, dd, cc, bp, or sp; but yours is a new one!
I'll assume that you meant to say pt, for printer's points.
To recover gracefully from this error, it's best to
delete the erroneous units; e.g., type `2' to delete
two letters. (See Chapter 27 of The TeXbook.)

./chapters/chuong4.tex:148: Misplaced \noalign.
\hline ->\noalign 
                  {\ifnum 0=`}\fi \let \hskip \vskip \let \vrule \hrule \let...
l.148 \hline
            
I expect to see \noalign only after the \cr of
an alignment. Proceed, and I'll ignore this case.

./chapters/chuong4.tex:149: Misplaced alignment tab character &.
l.149 Tầng &
             Kích thước & Thiết lập \\
I can't figure out why you would want to use a tab mark
here. If you just want an ampersand, the remedy is
simple: Just type `I\&' now. But if some right brace
up above has ended a previous alignment prematurely,
you're probably due for more error messages, and you
might try typing `S' now just to see what is salvageable.

./chapters/chuong4.tex:149: Misplaced alignment tab character &.
l.149 Tầng & Kích thước &
                          Thiết lập \\
I can't figure out why you would want to use a tab mark
here. If you just want an ampersand, the remedy is
simple: Just type `I\&' now. But if some right brace
up above has ended a previous alignment prematurely,
you're probably due for more error messages, and you
might try typing `S' now just to see what is salvageable.

./chapters/chuong4.tex:150: Misplaced \noalign.
\hline ->\noalign 
                  {\ifnum 0=`}\fi \let \hskip \vskip \let \vrule \hrule \let...
l.150 \hline
            
I expect to see \noalign only after the \cr of
an alignment. Proceed, and I'll ignore this case.

./chapters/chuong4.tex:151: Misplaced alignment tab character &.
l.151 Reshape &
                $20\rightarrow20\times1$ & Mỗi đặc trưng là một bước chuỗi \\
I can't figure out why you would want to use a tab mark
here. If you just want an ampersand, the remedy is
simple: Just type `I\&' now. But if some right brace
up above has ended a previous alignment prematurely,
you're probably due for more error messages, and you
might try typing `S' now just to see what is salvageable.

./chapters/chuong4.tex:151: Misplaced alignment tab character &.
l.151 Reshape & $20\rightarrow20\times1$ &
                                           Mỗi đặc trưng là một bước chuỗi \\
I can't figure out why you would want to use a tab mark
here. If you just want an ampersand, the remedy is
simple: Just type `I\&' now. But if some right brace
up above has ended a previous alignment prematurely,
you're probably due for more error messages, and you
might try typing `S' now just to see what is salvageable.

./chapters/chuong4.tex:152: Misplaced alignment tab character &.
l.152 GRU 1 &
              $1\rightarrow128$ & Trả về toàn bộ chuỗi, LayerNorm, Dropout $...
I can't figure out why you would want to use a tab mark
here. If you just want an ampersand, the remedy is
simple: Just type `I\&' now. But if some right brace
up above has ended a previous alignment prematurely,
you're probably due for more error messages, and you
might try typing `S' now just to see what is salvageable.

./chapters/chuong4.tex:152: Misplaced alignment tab character &.
l.152 GRU 1 & $1\rightarrow128$ &
                                  Trả về toàn bộ chuỗi, LayerNorm, Dropout $...
I can't figure out why you would want to use a tab mark
here. If you just want an ampersand, the remedy is
simple: Just type `I\&' now. But if some right brace
up above has ended a previous alignment prematurely,
you're probably due for more error messages, and you
might try typing `S' now just to see what is salvageable.

./chapters/chuong4.tex:153: Misplaced alignment tab character &.
l.153 GRU 2 &
              $128\rightarrow128$ & Trả về toàn bộ chuỗi, LayerNorm, Dropout...
I can't figure out why you would want to use a tab mark
here. If you just want an ampersand, the remedy is
simple: Just type `I\&' now. But if some right brace
up above has ended a previous alignment prematurely,
you're probably due for more error messages, and you
might try typing `S' now just to see what is salvageable.

./chapters/chuong4.tex:153: Misplaced alignment tab character &.
l.153 GRU 2 & $128\rightarrow128$ &
                                    Trả về toàn bộ chuỗi, LayerNorm, Dropout...
I can't figure out why you would want to use a tab mark
here. If you just want an ampersand, the remedy is
simple: Just type `I\&' now. But if some right brace
up above has ended a previous alignment prematurely,
you're probably due for more error messages, and you
might try typing `S' now just to see what is salvageable.

./chapters/chuong4.tex:154: Misplaced alignment tab character &.
l.154 GRU 3 &
              $128\rightarrow128$ & Lấy trạng thái cuối, LayerNorm, Dropout ...
I can't figure out why you would want to use a tab mark
here. If you just want an ampersand, the remedy is
simple: Just type `I\&' now. But if some right brace
up above has ended a previous alignment prematurely,
you're probably due for more error messages, and you
might try typing `S' now just to see what is salvageable.

./chapters/chuong4.tex:154: Misplaced alignment tab character &.
l.154 GRU 3 & $128\rightarrow128$ &
                                    Lấy trạng thái cuối, LayerNorm, Dropout ...
I can't figure out why you would want to use a tab mark
here. If you just want an ampersand, the remedy is
simple: Just type `I\&' now. But if some right brace
up above has ended a previous alignment prematurely,
you're probably due for more error messages, and you
might try typing `S' now just to see what is salvageable.

./chapters/chuong4.tex:155: Misplaced alignment tab character &.
l.155 Dense head &
                   $128\rightarrow64$ & ReLU, LayerNorm, Dropout $0.20$ \\
I can't figure out why you would want to use a tab mark
here. If you just want an ampersand, the remedy is
simple: Just type `I\&' now. But if some right brace
up above has ended a previous alignment prematurely,
you're probably due for more error messages, and you
might try typing `S' now just to see what is salvageable.

./chapters/chuong4.tex:155: Misplaced alignment tab character &.
l.155 Dense head & $128\rightarrow64$ &
                                        ReLU, LayerNorm, Dropout $0.20$ \\
I can't figure out why you would want to use a tab mark
here. If you just want an ampersand, the remedy is
simple: Just type `I\&' now. But if some right brace
up above has ended a previous alignment prematurely,
you're probably due for more error messages, and you
might try typing `S' now just to see what is salvageable.

./chapters/chuong4.tex:156: Misplaced alignment tab character &.
l.156 Classifier &
                   $64\rightarrow C$ & Logits theo số lớp $C$ \\
I can't figure out why you would want to use a tab mark
here. If you just want an ampersand, the remedy is
simple: Just type `I\&' now. But if some right brace
up above has ended a previous alignment prematurely,
you're probably due for more error messages, and you
might try typing `S' now just to see what is salvageable.

./chapters/chuong4.tex:156: Misplaced alignment tab character &.
l.156 Classifier & $64\rightarrow C$ &
                                       Logits theo số lớp $C$ \\
I can't figure out why you would want to use a tab mark
here. If you just want an ampersand, the remedy is
simple: Just type `I\&' now. But if some right brace
up above has ended a previous alignment prematurely,
you're probably due for more error messages, and you
might try typing `S' now just to see what is salvageable.

./chapters/chuong4.tex:157: Misplaced \noalign.
\hline ->\noalign 
                  {\ifnum 0=`}\fi \let \hskip \vskip \let \vrule \hrule \let...
l.157 \hline
            
I expect to see \noalign only after the \cr of
an alignment. Proceed, and I'll ignore this case.


./chapters/chuong4.tex:158: LaTeX Error: \begin{table} on input line 143 ended by \end{tabularx}.

See the LaTeX manual or LaTeX Companion for explanation.
Type  H <return>  for immediate help.
 ...                                              
                                                  
l.158 \end{tabularx}
                    
Your command was ignored.
Type  I <command> <return>  to replace it with another command,
or  <return>  to continue without it.


LaTeX Warning: Citation `hnamte2023dcnnbilstm' on page 39 undefined on input line 166.


LaTeX Warning: Reference `tab:dcblstm_arch' on page 39 undefined on input line 166.




Package fancyhdr Warning: \headheight is too small (15.5pt): 
(fancyhdr)                Make it at least 17.7352pt, for example:
(fancyhdr)                \setlength{\headheight}{17.7352pt}.
(fancyhdr)                You might also make \topmargin smaller:
(fancyhdr)                \addtolength{\topmargin}{-2.2352pt}.

[39]

./chapters/chuong4.tex:173: LaTeX Error: Environment tabularx undefined.

See the LaTeX manual or LaTeX Companion for explanation.
Type  H <return>  for immediate help.
 ...                                              
                                                  
l.173 \begin{tabularx}
                      {\textwidth}{l c X}
Your command was ignored.
Type  I <command> <return>  to replace it with another command,
or  <return>  to continue without it.

./chapters/chuong4.tex:173: Missing number, treated as zero.
<to be read again> 
                   }
l.173 \begin{tabularx}{\textwidth}
                                  {l c X}
A number should have been here; I inserted `0'.
(If you can't figure out why I needed to see a number,
look up `weird error' in the index to The TeXbook.)

./chapters/chuong4.tex:173: Illegal unit of measure (pt inserted).
<to be read again> 
                   }
l.173 \begin{tabularx}{\textwidth}
                                  {l c X}
Dimensions can be in units of em, ex, in, pt, pc,
cm, mm, dd, cc, bp, or sp; but yours is a new one!
I'll assume that you meant to say pt, for printer's points.
To recover gracefully from this error, it's best to
delete the erroneous units; e.g., type `2' to delete
two letters. (See Chapter 27 of The TeXbook.)

./chapters/chuong4.tex:174: Misplaced \noalign.
\hline ->\noalign 
                  {\ifnum 0=`}\fi \let \hskip \vskip \let \vrule \hrule \let...
l.174 \hline
            
I expect to see \noalign only after the \cr of
an alignment. Proceed, and I'll ignore this case.

./chapters/chuong4.tex:175: Misplaced alignment tab character &.
l.175 Tầng &
             Kích thước & Thiết lập \\
I can't figure out why you would want to use a tab mark
here. If you just want an ampersand, the remedy is
simple: Just type `I\&' now. But if some right brace
up above has ended a previous alignment prematurely,
you're probably due for more error messages, and you
might try typing `S' now just to see what is salvageable.

./chapters/chuong4.tex:175: Misplaced alignment tab character &.
l.175 Tầng & Kích thước &
                          Thiết lập \\
I can't figure out why you would want to use a tab mark
here. If you just want an ampersand, the remedy is
simple: Just type `I\&' now. But if some right brace
up above has ended a previous alignment prematurely,
you're probably due for more error messages, and you
might try typing `S' now just to see what is salvageable.

./chapters/chuong4.tex:176: Misplaced \noalign.
\hline ->\noalign 
                  {\ifnum 0=`}\fi \let \hskip \vskip \let \vrule \hrule \let...
l.176 \hline
            
I expect to see \noalign only after the \cr of
an alignment. Proceed, and I'll ignore this case.

./chapters/chuong4.tex:177: Misplaced alignment tab character &.
l.177 Reshape &
                $20\rightarrow1\times20$ & Một kênh đầu vào \\
I can't figure out why you would want to use a tab mark
here. If you just want an ampersand, the remedy is
simple: Just type `I\&' now. But if some right brace
up above has ended a previous alignment prematurely,
you're probably due for more error messages, and you
might try typing `S' now just to see what is salvageable.

./chapters/chuong4.tex:177: Misplaced alignment tab character &.
l.177 Reshape & $20\rightarrow1\times20$ &
                                           Một kênh đầu vào \\
I can't figure out why you would want to use a tab mark
here. If you just want an ampersand, the remedy is
simple: Just type `I\&' now. But if some right brace
up above has ended a previous alignment prematurely,
you're probably due for more error messages, and you
might try typing `S' now just to see what is salvageable.

./chapters/chuong4.tex:178: Misplaced alignment tab character &.
l.178 Conv1D &
               $1\rightarrow64$ & Kernel size $20$, padding same, ReLU, Laye...
I can't figure out why you would want to use a tab mark
here. If you just want an ampersand, the remedy is
simple: Just type `I\&' now. But if some right brace
up above has ended a previous alignment prematurely,
you're probably due for more error messages, and you
might try typing `S' now just to see what is salvageable.

./chapters/chuong4.tex:178: Misplaced alignment tab character &.
l.178 Conv1D & $1\rightarrow64$ &
                                  Kernel size $20$, padding same, ReLU, Laye...
I can't figure out why you would want to use a tab mark
here. If you just want an ampersand, the remedy is
simple: Just type `I\&' now. But if some right brace
up above has ended a previous alignment prematurely,
you're probably due for more error messages, and you
might try typing `S' now just to see what is salvageable.

./chapters/chuong4.tex:179: Misplaced alignment tab character &.
l.179 BiLSTM 1 &
                 $64\rightarrow2\times64$ & Trả về toàn bộ chuỗi, LayerNorm \\
I can't figure out why you would want to use a tab mark
here. If you just want an ampersand, the remedy is
simple: Just type `I\&' now. But if some right brace
up above has ended a previous alignment prematurely,
you're probably due for more error messages, and you
might try typing `S' now just to see what is salvageable.

./chapters/chuong4.tex:179: Misplaced alignment tab character &.
l.179 BiLSTM 1 & $64\rightarrow2\times64$ &
                                            Trả về toàn bộ chuỗi, LayerNorm \\
I can't figure out why you would want to use a tab mark
here. If you just want an ampersand, the remedy is
simple: Just type `I\&' now. But if some right brace
up above has ended a previous alignment prematurely,
you're probably due for more error messages, and you
might try typing `S' now just to see what is salvageable.

./chapters/chuong4.tex:180: Misplaced alignment tab character &.
l.180 BiLSTM 2 &
                 $128\rightarrow2\times128$ & Lấy trạng thái cuối hai chiều,...
I can't figure out why you would want to use a tab mark
here. If you just want an ampersand, the remedy is
simple: Just type `I\&' now. But if some right brace
up above has ended a previous alignment prematurely,
you're probably due for more error messages, and you
might try typing `S' now just to see what is salvageable.

./chapters/chuong4.tex:180: Misplaced alignment tab character &.
l.180 BiLSTM 2 & $128\rightarrow2\times128$ &
                                              Lấy trạng thái cuối hai chiều,...
I can't figure out why you would want to use a tab mark
here. If you just want an ampersand, the remedy is
simple: Just type `I\&' now. But if some right brace
up above has ended a previous alignment prematurely,
you're probably due for more error messages, and you
might try typing `S' now just to see what is salvageable.

./chapters/chuong4.tex:181: Misplaced alignment tab character &.
l.181 DNN 1 &
              $256\rightarrow64$ & ReLU, Dropout $0.10$ \\
I can't figure out why you would want to use a tab mark
here. If you just want an ampersand, the remedy is
simple: Just type `I\&' now. But if some right brace
up above has ended a previous alignment prematurely,
you're probably due for more error messages, and you
might try typing `S' now just to see what is salvageable.

./chapters/chuong4.tex:181: Misplaced alignment tab character &.
l.181 DNN 1 & $256\rightarrow64$ &
                                   ReLU, Dropout $0.10$ \\
I can't figure out why you would want to use a tab mark
here. If you just want an ampersand, the remedy is
simple: Just type `I\&' now. But if some right brace
up above has ended a previous alignment prematurely,
you're probably due for more error messages, and you
might try typing `S' now just to see what is salvageable.

./chapters/chuong4.tex:182: Misplaced alignment tab character &.
l.182 DNN 2 &
              $64\rightarrow32$ & ReLU, Dropout $0.10$ \\
I can't figure out why you would want to use a tab mark
here. If you just want an ampersand, the remedy is
simple: Just type `I\&' now. But if some right brace
up above has ended a previous alignment prematurely,
you're probably due for more error messages, and you
might try typing `S' now just to see what is salvageable.

./chapters/chuong4.tex:182: Misplaced alignment tab character &.
l.182 DNN 2 & $64\rightarrow32$ &
                                  ReLU, Dropout $0.10$ \\
I can't figure out why you would want to use a tab mark
here. If you just want an ampersand, the remedy is
simple: Just type `I\&' now. But if some right brace
up above has ended a previous alignment prematurely,
you're probably due for more error messages, and you
might try typing `S' now just to see what is salvageable.

./chapters/chuong4.tex:183: Misplaced alignment tab character &.
l.183 DNN 3 &
              $32\rightarrow16$ & ReLU, Dropout $0.10$ \\
I can't figure out why you would want to use a tab mark
here. If you just want an ampersand, the remedy is
simple: Just type `I\&' now. But if some right brace
up above has ended a previous alignment prematurely,
you're probably due for more error messages, and you
might try typing `S' now just to see what is salvageable.

./chapters/chuong4.tex:183: Misplaced alignment tab character &.
l.183 DNN 3 & $32\rightarrow16$ &
                                  ReLU, Dropout $0.10$ \\
I can't figure out why you would want to use a tab mark
here. If you just want an ampersand, the remedy is
simple: Just type `I\&' now. But if some right brace
up above has ended a previous alignment prematurely,
you're probably due for more error messages, and you
might try typing `S' now just to see what is salvageable.

./chapters/chuong4.tex:184: Misplaced alignment tab character &.
l.184 LayerNorm &
                  $16$ & Chuẩn hoá biểu diễn cuối \\
I can't figure out why you would want to use a tab mark
here. If you just want an ampersand, the remedy is
simple: Just type `I\&' now. But if some right brace
up above has ended a previous alignment prematurely,
you're probably due for more error messages, and you
might try typing `S' now just to see what is salvageable.

./chapters/chuong4.tex:184: Misplaced alignment tab character &.
l.184 LayerNorm & $16$ &
                         Chuẩn hoá biểu diễn cuối \\
I can't figure out why you would want to use a tab mark
here. If you just want an ampersand, the remedy is
simple: Just type `I\&' now. But if some right brace
up above has ended a previous alignment prematurely,
you're probably due for more error messages, and you
might try typing `S' now just to see what is salvageable.

./chapters/chuong4.tex:185: Misplaced alignment tab character &.
l.185 Classifier &
                   $16\rightarrow C$ & Logits theo số lớp $C$ \\
I can't figure out why you would want to use a tab mark
here. If you just want an ampersand, the remedy is
simple: Just type `I\&' now. But if some right brace
up above has ended a previous alignment prematurely,
you're probably due for more error messages, and you
might try typing `S' now just to see what is salvageable.

./chapters/chuong4.tex:185: Misplaced alignment tab character &.
l.185 Classifier & $16\rightarrow C$ &
                                       Logits theo số lớp $C$ \\
I can't figure out why you would want to use a tab mark
here. If you just want an ampersand, the remedy is
simple: Just type `I\&' now. But if some right brace
up above has ended a previous alignment prematurely,
you're probably due for more error messages, and you
might try typing `S' now just to see what is salvageable.

./chapters/chuong4.tex:186: Misplaced \noalign.
\hline ->\noalign 
                  {\ifnum 0=`}\fi \let \hskip \vskip \let \vrule \hrule \let...
l.186 \hline
            
I expect to see \noalign only after the \cr of
an alignment. Proceed, and I'll ignore this case.


./chapters/chuong4.tex:187: LaTeX Error: \begin{table} on input line 168 ended by \end{tabularx}.

See the LaTeX manual or LaTeX Companion for explanation.
Type  H <return>  for immediate help.
 ...                                              
                                                  
l.187 \end{tabularx}
                    
Your command was ignored.
Type  I <command> <return>  to replace it with another command,
or  <return>  to continue without it.


LaTeX Warning: Reference `tab:mlp_arch' on page 40 undefined on input line 194.




Package fancyhdr Warning: \headheight is too small (15.5pt): 
(fancyhdr)                Make it at least 17.7352pt, for example:
(fancyhdr)                \setlength{\headheight}{17.7352pt}.
(fancyhdr)                You might also make \topmargin smaller:
(fancyhdr)                \addtolength{\topmargin}{-2.2352pt}.

[40]

LaTeX Warning: Reference `tab:cnn_arch' on page 41 undefined on input line 218.


Overfull \hbox (62.76949pt too wide) in paragraph at lines 224--239
 [][] 
 []


./chapters/chuong4.tex:258: LaTeX Error: Environment tabularx undefined.

See the LaTeX manual or LaTeX Companion for explanation.
Type  H <return>  for immediate help.
 ...                                              
                                                  
l.258 \begin{tabularx}
                      {\textwidth}{lccccX}
Your command was ignored.
Type  I <command> <return>  to replace it with another command,
or  <return>  to continue without it.

./chapters/chuong4.tex:258: Missing number, treated as zero.
<to be read again> 
                   }
l.258 \begin{tabularx}{\textwidth}
                                  {lccccX}
A number should have been here; I inserted `0'.
(If you can't figure out why I needed to see a number,
look up `weird error' in the index to The TeXbook.)

./chapters/chuong4.tex:258: Illegal unit of measure (pt inserted).
<to be read again> 
                   }
l.258 \begin{tabularx}{\textwidth}
                                  {lccccX}
Dimensions can be in units of em, ex, in, pt, pc,
cm, mm, dd, cc, bp, or sp; but yours is a new one!
I'll assume that you meant to say pt, for printer's points.
To recover gracefully from this error, it's best to
delete the erroneous units; e.g., type `2' to delete
two letters. (See Chapter 27 of The TeXbook.)

./chapters/chuong4.tex:259: Misplaced \noalign.
\toprule ->\noalign 
                    {\ifnum 0=`}\fi \@aboverulesep =\abovetopsep \global \@b...
l.259 \toprule
              
I expect to see \noalign only after the \cr of
an alignment. Proceed, and I'll ignore this case.

./chapters/chuong4.tex:260: Misplaced alignment tab character &.
l.260 \textbf{Phương pháp} &
                             \textbf{Acc} & \textbf{Recall (macro)} & \textb...
I can't figure out why you would want to use a tab mark
here. If you just want an ampersand, the remedy is
simple: Just type `I\&' now. But if some right brace
up above has ended a previous alignment prematurely,
you're probably due for more error messages, and you
might try typing `S' now just to see what is salvageable.

./chapters/chuong4.tex:260: Misplaced alignment tab character &.
l.260 \textbf{Phương pháp} & \textbf{Acc} &
                                            \textbf{Recall (macro)} & \textb...
I can't figure out why you would want to use a tab mark
here. If you just want an ampersand, the remedy is
simple: Just type `I\&' now. But if some right brace
up above has ended a previous alignment prematurely,
you're probably due for more error messages, and you
might try typing `S' now just to see what is salvageable.

./chapters/chuong4.tex:260: Misplaced alignment tab character &.
l.260 ... \textbf{Acc} & \textbf{Recall (macro)} &
                                                   \textbf{Precision (macro)...
I can't figure out why you would want to use a tab mark
here. If you just want an ampersand, the remedy is
simple: Just type `I\&' now. But if some right brace
up above has ended a previous alignment prematurely,
you're probably due for more error messages, and you
might try typing `S' now just to see what is salvageable.

./chapters/chuong4.tex:260: Misplaced alignment tab character &.
l.260 ...l (macro)} & \textbf{Precision (macro)} &
                                                   \textbf{F1 (macro)} \\
I can't figure out why you would want to use a tab mark
here. If you just want an ampersand, the remedy is
simple: Just type `I\&' now. But if some right brace
up above has ended a previous alignment prematurely,
you're probably due for more error messages, and you
might try typing `S' now just to see what is salvageable.

./chapters/chuong4.tex:261: Misplaced \noalign.
\midrule ->\noalign 
                    {\ifnum 0=`}\fi \@aboverulesep =\aboverulesep \global \@...
l.261 \midrule
              
I expect to see \noalign only after the \cr of
an alignment. Proceed, and I'll ignore this case.

./chapters/chuong4.tex:262: Misplaced \omit.
\multispan ->\omit 
                   \@multispan 
l.262 ...{c}{\textbf{Federated Distillation (FD)}}
                                                   \\
I expect to see \omit only after tab marks or the \cr of
an alignment. Proceed, and I'll ignore this case.

./chapters/chuong4.tex:262: Misplaced \span.
\sp@n ->\span 
              \omit \advance \@multicnt \m@ne 
l.262 ...{c}{\textbf{Federated Distillation (FD)}}
                                                   \\
I can't figure out why you would want to use a tab mark
or \cr or \span just now. If something like a right brace
up above has ended a previous alignment prematurely,
you're probably due for more error messages, and you
might try typing `S' now just to see what is salvageable.

./chapters/chuong4.tex:262: Misplaced \omit.
\sp@n ->\span \omit 
                    \advance \@multicnt \m@ne 
l.262 ...{c}{\textbf{Federated Distillation (FD)}}
                                                   \\
I expect to see \omit only after tab marks or the \cr of
an alignment. Proceed, and I'll ignore this case.

./chapters/chuong4.tex:262: Misplaced \span.
\sp@n ->\span 
              \omit \advance \@multicnt \m@ne 
l.262 ...{c}{\textbf{Federated Distillation (FD)}}
                                                   \\
I can't figure out why you would want to use a tab mark
or \cr or \span just now. If something like a right brace
up above has ended a previous alignment prematurely,
you're probably due for more error messages, and you
might try typing `S' now just to see what is salvageable.

./chapters/chuong4.tex:262: Misplaced \omit.
\sp@n ->\span \omit 
                    \advance \@multicnt \m@ne 
l.262 ...{c}{\textbf{Federated Distillation (FD)}}
                                                   \\
I expect to see \omit only after tab marks or the \cr of
an alignment. Proceed, and I'll ignore this case.

./chapters/chuong4.tex:262: Misplaced \span.
\sp@n ->\span 
              \omit \advance \@multicnt \m@ne 
l.262 ...{c}{\textbf{Federated Distillation (FD)}}
                                                   \\
I can't figure out why you would want to use a tab mark
or \cr or \span just now. If something like a right brace
up above has ended a previous alignment prematurely,
you're probably due for more error messages, and you
might try typing `S' now just to see what is salvageable.

./chapters/chuong4.tex:262: Misplaced \omit.
\sp@n ->\span \omit 
                    \advance \@multicnt \m@ne 
l.262 ...{c}{\textbf{Federated Distillation (FD)}}
                                                   \\
I expect to see \omit only after tab marks or the \cr of
an alignment. Proceed, and I'll ignore this case.

./chapters/chuong4.tex:262: Misplaced \span.
\sp@n ->\span 
              \omit \advance \@multicnt \m@ne 
l.262 ...{c}{\textbf{Federated Distillation (FD)}}
                                                   \\
I can't figure out why you would want to use a tab mark
or \cr or \span just now. If something like a right brace
up above has ended a previous alignment prematurely,
you're probably due for more error messages, and you
might try typing `S' now just to see what is salvageable.

./chapters/chuong4.tex:262: Misplaced \omit.
\sp@n ->\span \omit 
                    \advance \@multicnt \m@ne 
l.262 ...{c}{\textbf{Federated Distillation (FD)}}
                                                   \\
I expect to see \omit only after tab marks or the \cr of
an alignment. Proceed, and I'll ignore this case.

./chapters/chuong4.tex:262: Misplaced \span.
\sp@n ->\span 
              \omit \advance \@multicnt \m@ne 
l.262 ...{c}{\textbf{Federated Distillation (FD)}}
                                                   \\
I can't figure out why you would want to use a tab mark
or \cr or \span just now. If something like a right brace
up above has ended a previous alignment prematurely,
you're probably due for more error messages, and you
might try typing `S' now just to see what is salvageable.

./chapters/chuong4.tex:262: Misplaced \omit.
\sp@n ->\span \omit 
                    \advance \@multicnt \m@ne 
l.262 ...{c}{\textbf{Federated Distillation (FD)}}
                                                   \\
I expect to see \omit only after tab marks or the \cr of
an alignment. Proceed, and I'll ignore this case.

./chapters/chuong4.tex:263: Misplaced \noalign.
\midrule ->\noalign 
                    {\ifnum 0=`}\fi \@aboverulesep =\aboverulesep \global \@...
l.263 \midrule
              
I expect to see \noalign only after the \cr of
an alignment. Proceed, and I'll ignore this case.

./chapters/chuong4.tex:264: Misplaced alignment tab character &.
l.264 Đề xuất           &
                          0.9415 & \toptwo{0.5401} & 0.5121 & 0.5056 \\
I can't figure out why you would want to use a tab mark
here. If you just want an ampersand, the remedy is
simple: Just type `I\&' now. But if some right brace
up above has ended a previous alignment prematurely,
you're probably due for more error messages, and you
might try typing `S' now just to see what is salvageable.

./chapters/chuong4.tex:264: Misplaced alignment tab character &.
l.264 Đề xuất           & 0.9415 &
                                   \toptwo{0.5401} & 0.5121 & 0.5056 \\
I can't figure out why you would want to use a tab mark
here. If you just want an ampersand, the remedy is
simple: Just type `I\&' now. But if some right brace
up above has ended a previous alignment prematurely,
you're probably due for more error messages, and you
might try typing `S' now just to see what is salvageable.

./chapters/chuong4.tex:264: Misplaced alignment tab character &.
l.264 ...ất           & 0.9415 & \toptwo{0.5401} &
                                                   0.5121 & 0.5056 \\
I can't figure out why you would want to use a tab mark
here. If you just want an ampersand, the remedy is
simple: Just type `I\&' now. But if some right brace
up above has ended a previous alignment prematurely,
you're probably due for more error messages, and you
might try typing `S' now just to see what is salvageable.

./chapters/chuong4.tex:264: Misplaced alignment tab character &.
l.264 ...    & 0.9415 & \toptwo{0.5401} & 0.5121 &
                                                   0.5056 \\
I can't figure out why you would want to use a tab mark
here. If you just want an ampersand, the remedy is
simple: Just type `I\&' now. But if some right brace
up above has ended a previous alignment prematurely,
you're probably due for more error messages, and you
might try typing `S' now just to see what is salvageable.

./chapters/chuong4.tex:265: Misplaced alignment tab character &.
l.265 SSFL-IDS &
                 \toptwo{0.9605} & \topone{0.5831} & \toptwo{0.5849} & \topo...
I can't figure out why you would want to use a tab mark
here. If you just want an ampersand, the remedy is
simple: Just type `I\&' now. But if some right brace
up above has ended a previous alignment prematurely,
you're probably due for more error messages, and you
might try typing `S' now just to see what is salvageable.

./chapters/chuong4.tex:265: Misplaced alignment tab character &.
l.265 SSFL-IDS & \toptwo{0.9605} &
                                   \topone{0.5831} & \toptwo{0.5849} & \topo...
I can't figure out why you would want to use a tab mark
here. If you just want an ampersand, the remedy is
simple: Just type `I\&' now. But if some right brace
up above has ended a previous alignment prematurely,
you're probably due for more error messages, and you
might try typing `S' now just to see what is salvageable.

./chapters/chuong4.tex:265: Misplaced alignment tab character &.
l.265 ...IDS & \toptwo{0.9605} & \topone{0.5831} &
                                                   \toptwo{0.5849} & \topone...
I can't figure out why you would want to use a tab mark
here. If you just want an ampersand, the remedy is
simple: Just type `I\&' now. But if some right brace
up above has ended a previous alignment prematurely,
you're probably due for more error messages, and you
might try typing `S' now just to see what is salvageable.

./chapters/chuong4.tex:265: Misplaced alignment tab character &.
l.265 ...05} & \topone{0.5831} & \toptwo{0.5849} &
                                                   \topone{0.5651}\\
I can't figure out why you would want to use a tab mark
here. If you just want an ampersand, the remedy is
simple: Just type `I\&' now. But if some right brace
up above has ended a previous alignment prematurely,
you're probably due for more error messages, and you
might try typing `S' now just to see what is salvageable.

./chapters/chuong4.tex:266: Misplaced alignment tab character &.
l.266 FedKD-IDS  &
                   0.9484 & 0.5015 & 0.4894 & 0.4795 \\
I can't figure out why you would want to use a tab mark
here. If you just want an ampersand, the remedy is
simple: Just type `I\&' now. But if some right brace
up above has ended a previous alignment prematurely,
you're probably due for more error messages, and you
might try typing `S' now just to see what is salvageable.

./chapters/chuong4.tex:266: Misplaced alignment tab character &.
l.266 FedKD-IDS  & 0.9484 &
                            0.5015 & 0.4894 & 0.4795 \\
I can't figure out why you would want to use a tab mark
here. If you just want an ampersand, the remedy is
simple: Just type `I\&' now. But if some right brace
up above has ended a previous alignment prematurely,
you're probably due for more error messages, and you
might try typing `S' now just to see what is salvageable.

./chapters/chuong4.tex:266: Misplaced alignment tab character &.
l.266 FedKD-IDS  & 0.9484 & 0.5015 &
                                     0.4894 & 0.4795 \\
I can't figure out why you would want to use a tab mark
here. If you just want an ampersand, the remedy is
simple: Just type `I\&' now. But if some right brace
up above has ended a previous alignment prematurely,
you're probably due for more error messages, and you
might try typing `S' now just to see what is salvageable.

./chapters/chuong4.tex:266: Misplaced alignment tab character &.
l.266 FedKD-IDS  & 0.9484 & 0.5015 & 0.4894 &
                                              0.4795 \\
I can't figure out why you would want to use a tab mark
here. If you just want an ampersand, the remedy is
simple: Just type `I\&' now. But if some right brace
up above has ended a previous alignment prematurely,
you're probably due for more error messages, and you
might try typing `S' now just to see what is salvageable.

./chapters/chuong4.tex:267: Misplaced alignment tab character &.
l.267 FedProto  &
                  0.3968 & 0.2072 & 0.108 & 0.1223 \\
I can't figure out why you would want to use a tab mark
here. If you just want an ampersand, the remedy is
simple: Just type `I\&' now. But if some right brace
up above has ended a previous alignment prematurely,
you're probably due for more error messages, and you
might try typing `S' now just to see what is salvageable.

./chapters/chuong4.tex:267: Misplaced alignment tab character &.
l.267 FedProto  & 0.3968 &
                           0.2072 & 0.108 & 0.1223 \\
I can't figure out why you would want to use a tab mark
here. If you just want an ampersand, the remedy is
simple: Just type `I\&' now. But if some right brace
up above has ended a previous alignment prematurely,
you're probably due for more error messages, and you
might try typing `S' now just to see what is salvageable.

./chapters/chuong4.tex:267: Misplaced alignment tab character &.
l.267 FedProto  & 0.3968 & 0.2072 &
                                    0.108 & 0.1223 \\
I can't figure out why you would want to use a tab mark
here. If you just want an ampersand, the remedy is
simple: Just type `I\&' now. But if some right brace
up above has ended a previous alignment prematurely,
you're probably due for more error messages, and you
might try typing `S' now just to see what is salvageable.

./chapters/chuong4.tex:267: Misplaced alignment tab character &.
l.267 FedProto  & 0.3968 & 0.2072 & 0.108 &
                                            0.1223 \\
I can't figure out why you would want to use a tab mark
here. If you just want an ampersand, the remedy is
simple: Just type `I\&' now. But if some right brace
up above has ended a previous alignment prematurely,
you're probably due for more error messages, and you
might try typing `S' now just to see what is salvageable.

./chapters/chuong4.tex:268: Misplaced \noalign.
\midrule ->\noalign 
                    {\ifnum 0=`}\fi \@aboverulesep =\aboverulesep \global \@...
l.268 \midrule
              
I expect to see \noalign only after the \cr of
an alignment. Proceed, and I'll ignore this case.

./chapters/chuong4.tex:269: Misplaced \omit.
\multispan ->\omit 
                   \@multispan 
l.269 ...n{6}{c}{\textbf{Federated Learning (FL)}}
                                                   \\
I expect to see \omit only after tab marks or the \cr of
an alignment. Proceed, and I'll ignore this case.

./chapters/chuong4.tex:269: Misplaced \span.
\sp@n ->\span 
              \omit \advance \@multicnt \m@ne 
l.269 ...n{6}{c}{\textbf{Federated Learning (FL)}}
                                                   \\
I can't figure out why you would want to use a tab mark
or \cr or \span just now. If something like a right brace
up above has ended a previous alignment prematurely,
you're probably due for more error messages, and you
might try typing `S' now just to see what is salvageable.

./chapters/chuong4.tex:269: Misplaced \omit.
\sp@n ->\span \omit 
                    \advance \@multicnt \m@ne 
l.269 ...n{6}{c}{\textbf{Federated Learning (FL)}}
                                                   \\
I expect to see \omit only after tab marks or the \cr of
an alignment. Proceed, and I'll ignore this case.

./chapters/chuong4.tex:269: Misplaced \span.
\sp@n ->\span 
              \omit \advance \@multicnt \m@ne 
l.269 ...n{6}{c}{\textbf{Federated Learning (FL)}}
                                                   \\
I can't figure out why you would want to use a tab mark
or \cr or \span just now. If something like a right brace
up above has ended a previous alignment prematurely,
you're probably due for more error messages, and you
might try typing `S' now just to see what is salvageable.

./chapters/chuong4.tex:269: Misplaced \omit.
\sp@n ->\span \omit 
                    \advance \@multicnt \m@ne 
l.269 ...n{6}{c}{\textbf{Federated Learning (FL)}}
                                                   \\
I expect to see \omit only after tab marks or the \cr of
an alignment. Proceed, and I'll ignore this case.

./chapters/chuong4.tex:269: Misplaced \span.
\sp@n ->\span 
              \omit \advance \@multicnt \m@ne 
l.269 ...n{6}{c}{\textbf{Federated Learning (FL)}}
                                                   \\
I can't figure out why you would want to use a tab mark
or \cr or \span just now. If something like a right brace
up above has ended a previous alignment prematurely,
you're probably due for more error messages, and you
might try typing `S' now just to see what is salvageable.

./chapters/chuong4.tex:269: Misplaced \omit.
\sp@n ->\span \omit 
                    \advance \@multicnt \m@ne 
l.269 ...n{6}{c}{\textbf{Federated Learning (FL)}}
                                                   \\
I expect to see \omit only after tab marks or the \cr of
an alignment. Proceed, and I'll ignore this case.

./chapters/chuong4.tex:269: Misplaced \span.
\sp@n ->\span 
              \omit \advance \@multicnt \m@ne 
l.269 ...n{6}{c}{\textbf{Federated Learning (FL)}}
                                                   \\
I can't figure out why you would want to use a tab mark
or \cr or \span just now. If something like a right brace
up above has ended a previous alignment prematurely,
you're probably due for more error messages, and you
might try typing `S' now just to see what is salvageable.

./chapters/chuong4.tex:269: Misplaced \omit.
\sp@n ->\span \omit 
                    \advance \@multicnt \m@ne 
l.269 ...n{6}{c}{\textbf{Federated Learning (FL)}}
                                                   \\
I expect to see \omit only after tab marks or the \cr of
an alignment. Proceed, and I'll ignore this case.

./chapters/chuong4.tex:269: Misplaced \span.
\sp@n ->\span 
              \omit \advance \@multicnt \m@ne 
l.269 ...n{6}{c}{\textbf{Federated Learning (FL)}}
                                                   \\
I can't figure out why you would want to use a tab mark
or \cr or \span just now. If something like a right brace
up above has ended a previous alignment prematurely,
you're probably due for more error messages, and you
might try typing `S' now just to see what is salvageable.

./chapters/chuong4.tex:269: Misplaced \omit.
\sp@n ->\span \omit 
                    \advance \@multicnt \m@ne 
l.269 ...n{6}{c}{\textbf{Federated Learning (FL)}}
                                                   \\
I expect to see \omit only after tab marks or the \cr of
an alignment. Proceed, and I'll ignore this case.

./chapters/chuong4.tex:270: Misplaced \noalign.
\midrule ->\noalign 
                    {\ifnum 0=`}\fi \@aboverulesep =\aboverulesep \global \@...
l.270 \midrule
              
I expect to see \noalign only after the \cr of
an alignment. Proceed, and I'll ignore this case.

./chapters/chuong4.tex:271: Misplaced alignment tab character &.
l.271 FedAvg &
               \topone{0.9656} & 0.5141 & \topone{0.5851} & \topthree{0.5105...
I can't figure out why you would want to use a tab mark
here. If you just want an ampersand, the remedy is
simple: Just type `I\&' now. But if some right brace
up above has ended a previous alignment prematurely,
you're probably due for more error messages, and you
might try typing `S' now just to see what is salvageable.

./chapters/chuong4.tex:271: Misplaced alignment tab character &.
l.271 FedAvg & \topone{0.9656} &
                                 0.5141 & \topone{0.5851} & \topthree{0.5105...
I can't figure out why you would want to use a tab mark
here. If you just want an ampersand, the remedy is
simple: Just type `I\&' now. But if some right brace
up above has ended a previous alignment prematurely,
you're probably due for more error messages, and you
might try typing `S' now just to see what is salvageable.

./chapters/chuong4.tex:271: Misplaced alignment tab character &.
l.271 FedAvg & \topone{0.9656} & 0.5141 &
                                          \topone{0.5851} & \topthree{0.5105...
I can't figure out why you would want to use a tab mark
here. If you just want an ampersand, the remedy is
simple: Just type `I\&' now. But if some right brace
up above has ended a previous alignment prematurely,
you're probably due for more error messages, and you
might try typing `S' now just to see what is salvageable.

./chapters/chuong4.tex:271: Misplaced alignment tab character &.
l.271 ...pone{0.9656} & 0.5141 & \topone{0.5851} &
                                                   \topthree{0.5105} \\
I can't figure out why you would want to use a tab mark
here. If you just want an ampersand, the remedy is
simple: Just type `I\&' now. But if some right brace
up above has ended a previous alignment prematurely,
you're probably due for more error messages, and you
might try typing `S' now just to see what is salvageable.

./chapters/chuong4.tex:272: Misplaced alignment tab character &.
l.272 FLAME  &
               0.9454 & \topthree{0.5368} & \topthree{0.5520} & \toptwo{0.51...
I can't figure out why you would want to use a tab mark
here. If you just want an ampersand, the remedy is
simple: Just type `I\&' now. But if some right brace
up above has ended a previous alignment prematurely,
you're probably due for more error messages, and you
might try typing `S' now just to see what is salvageable.

./chapters/chuong4.tex:272: Misplaced alignment tab character &.
l.272 FLAME  & 0.9454 &
                        \topthree{0.5368} & \topthree{0.5520} & \toptwo{0.51...
I can't figure out why you would want to use a tab mark
here. If you just want an ampersand, the remedy is
simple: Just type `I\&' now. But if some right brace
up above has ended a previous alignment prematurely,
you're probably due for more error messages, and you
might try typing `S' now just to see what is salvageable.

./chapters/chuong4.tex:272: Misplaced alignment tab character &.
l.272 FLAME  & 0.9454 & \topthree{0.5368} &
                                            \topthree{0.5520} & \toptwo{0.51...
I can't figure out why you would want to use a tab mark
here. If you just want an ampersand, the remedy is
simple: Just type `I\&' now. But if some right brace
up above has ended a previous alignment prematurely,
you're probably due for more error messages, and you
might try typing `S' now just to see what is salvageable.

./chapters/chuong4.tex:272: Misplaced alignment tab character &.
l.272 ...& \topthree{0.5368} & \topthree{0.5520} &
                                                   \toptwo{0.5112} \\
I can't figure out why you would want to use a tab mark
here. If you just want an ampersand, the remedy is
simple: Just type `I\&' now. But if some right brace
up above has ended a previous alignment prematurely,
you're probably due for more error messages, and you
might try typing `S' now just to see what is salvageable.

./chapters/chuong4.tex:273: Misplaced \noalign.
\bottomrule ->\noalign 
                       {\ifnum 0=`}\fi \@aboverulesep =\aboverulesep \global...
l.273 \bottomrule
                 
I expect to see \noalign only after the \cr of
an alignment. Proceed, and I'll ignore this case.


./chapters/chuong4.tex:274: LaTeX Error: \begin{table} on input line 253 ended by \end{tabularx}.

See the LaTeX manual or LaTeX Companion for explanation.
Type  H <return>  for immediate help.
 ...                                              
                                                  
l.274 \end{tabularx}
                    
Your command was ignored.
Type  I <command> <return>  to replace it with another command,
or  <return>  to continue without it.




Package fancyhdr Warning: \headheight is too small (15.5pt): 
(fancyhdr)                Make it at least 17.7352pt, for example:
(fancyhdr)                \setlength{\headheight}{17.7352pt}.
(fancyhdr)                You might also make \topmargin smaller:
(fancyhdr)                \addtolength{\topmargin}{-2.2352pt}.

[41]

./chapters/chuong4.tex:282: LaTeX Error: Environment tabularx undefined.

See the LaTeX manual or LaTeX Companion for explanation.
Type  H <return>  for immediate help.
 ...                                              
                                                  
l.282 \begin{tabularx}
                      {\textwidth}{lccccX}
Your command was ignored.
Type  I <command> <return>  to replace it with another command,
or  <return>  to continue without it.

./chapters/chuong4.tex:282: Missing number, treated as zero.
<to be read again> 
                   }
l.282 \begin{tabularx}{\textwidth}
                                  {lccccX}
A number should have been here; I inserted `0'.
(If you can't figure out why I needed to see a number,
look up `weird error' in the index to The TeXbook.)

./chapters/chuong4.tex:282: Illegal unit of measure (pt inserted).
<to be read again> 
                   }
l.282 \begin{tabularx}{\textwidth}
                                  {lccccX}
Dimensions can be in units of em, ex, in, pt, pc,
cm, mm, dd, cc, bp, or sp; but yours is a new one!
I'll assume that you meant to say pt, for printer's points.
To recover gracefully from this error, it's best to
delete the erroneous units; e.g., type `2' to delete
two letters. (See Chapter 27 of The TeXbook.)

./chapters/chuong4.tex:283: Misplaced \noalign.
\toprule ->\noalign 
                    {\ifnum 0=`}\fi \@aboverulesep =\abovetopsep \global \@b...
l.283 \toprule
              
I expect to see \noalign only after the \cr of
an alignment. Proceed, and I'll ignore this case.

./chapters/chuong4.tex:284: Misplaced alignment tab character &.
l.284 \textbf{Phương pháp} &
                             \textbf{Acc} & \textbf{Recall (macro)} & \textb...
I can't figure out why you would want to use a tab mark
here. If you just want an ampersand, the remedy is
simple: Just type `I\&' now. But if some right brace
up above has ended a previous alignment prematurely,
you're probably due for more error messages, and you
might try typing `S' now just to see what is salvageable.

./chapters/chuong4.tex:284: Misplaced alignment tab character &.
l.284 \textbf{Phương pháp} & \textbf{Acc} &
                                            \textbf{Recall (macro)} & \textb...
I can't figure out why you would want to use a tab mark
here. If you just want an ampersand, the remedy is
simple: Just type `I\&' now. But if some right brace
up above has ended a previous alignment prematurely,
you're probably due for more error messages, and you
might try typing `S' now just to see what is salvageable.

./chapters/chuong4.tex:284: Misplaced alignment tab character &.
l.284 ... \textbf{Acc} & \textbf{Recall (macro)} &
                                                   \textbf{Precision (macro)...
I can't figure out why you would want to use a tab mark
here. If you just want an ampersand, the remedy is
simple: Just type `I\&' now. But if some right brace
up above has ended a previous alignment prematurely,
you're probably due for more error messages, and you
might try typing `S' now just to see what is salvageable.

./chapters/chuong4.tex:284: Misplaced alignment tab character &.
l.284 ...l (macro)} & \textbf{Precision (macro)} &
                                                   \textbf{F1 (macro)}\\
I can't figure out why you would want to use a tab mark
here. If you just want an ampersand, the remedy is
simple: Just type `I\&' now. But if some right brace
up above has ended a previous alignment prematurely,
you're probably due for more error messages, and you
might try typing `S' now just to see what is salvageable.

./chapters/chuong4.tex:285: Misplaced \noalign.
\midrule ->\noalign 
                    {\ifnum 0=`}\fi \@aboverulesep =\aboverulesep \global \@...
l.285 \midrule
              
I expect to see \noalign only after the \cr of
an alignment. Proceed, and I'll ignore this case.

./chapters/chuong4.tex:286: Misplaced alignment tab character &.
l.286 Đề xuất           &
                          \topone{0.9346} & \toptwo{0.471} & \toptwo{0.4745}...
I can't figure out why you would want to use a tab mark
here. If you just want an ampersand, the remedy is
simple: Just type `I\&' now. But if some right brace
up above has ended a previous alignment prematurely,
you're probably due for more error messages, and you
might try typing `S' now just to see what is salvageable.

./chapters/chuong4.tex:286: Misplaced alignment tab character &.
l.286 Đề xuất           & \topone{0.9346} &
                                            \toptwo{0.471} & \toptwo{0.4745}...
I can't figure out why you would want to use a tab mark
here. If you just want an ampersand, the remedy is
simple: Just type `I\&' now. But if some right brace
up above has ended a previous alignment prematurely,
you're probably due for more error messages, and you
might try typing `S' now just to see what is salvageable.

./chapters/chuong4.tex:286: Misplaced alignment tab character &.
l.286 ...     & \topone{0.9346} & \toptwo{0.471} &
                                                   \toptwo{0.4745} & \toptwo...
I can't figure out why you would want to use a tab mark
here. If you just want an ampersand, the remedy is
simple: Just type `I\&' now. But if some right brace
up above has ended a previous alignment prematurely,
you're probably due for more error messages, and you
might try typing `S' now just to see what is salvageable.

./chapters/chuong4.tex:286: Misplaced alignment tab character &.
l.286 ...346} & \toptwo{0.471} & \toptwo{0.4745} &
                                                   \toptwo{0.4553} \\
I can't figure out why you would want to use a tab mark
here. If you just want an ampersand, the remedy is
simple: Just type `I\&' now. But if some right brace
up above has ended a previous alignment prematurely,
you're probably due for more error messages, and you
might try typing `S' now just to see what is salvageable.

./chapters/chuong4.tex:287: Misplaced alignment tab character &.
l.287 SSFL-IDS          &
                          \toptwo{0.8943} & \topone{0.4922} & \topone{0.4972...
I can't figure out why you would want to use a tab mark
here. If you just want an ampersand, the remedy is
simple: Just type `I\&' now. But if some right brace
up above has ended a previous alignment prematurely,
you're probably due for more error messages, and you
might try typing `S' now just to see what is salvageable.

./chapters/chuong4.tex:287: Misplaced alignment tab character &.
l.287 SSFL-IDS          & \toptwo{0.8943} &
                                            \topone{0.4922} & \topone{0.4972...
I can't figure out why you would want to use a tab mark
here. If you just want an ampersand, the remedy is
simple: Just type `I\&' now. But if some right brace
up above has ended a previous alignment prematurely,
you're probably due for more error messages, and you
might try typing `S' now just to see what is salvageable.

./chapters/chuong4.tex:287: Misplaced alignment tab character &.
l.287 ...    & \toptwo{0.8943} & \topone{0.4922} &
                                                   \topone{0.4972} & \topone...
I can't figure out why you would want to use a tab mark
here. If you just want an ampersand, the remedy is
simple: Just type `I\&' now. But if some right brace
up above has ended a previous alignment prematurely,
you're probably due for more error messages, and you
might try typing `S' now just to see what is salvageable.

./chapters/chuong4.tex:287: Misplaced alignment tab character &.
l.287 ...43} & \topone{0.4922} & \topone{0.4972} &
                                                   \topone{0.4735} \\
I can't figure out why you would want to use a tab mark
here. If you just want an ampersand, the remedy is
simple: Just type `I\&' now. But if some right brace
up above has ended a previous alignment prematurely,
you're probably due for more error messages, and you
might try typing `S' now just to see what is salvageable.

./chapters/chuong4.tex:288: Misplaced alignment tab character &.
l.288 FedKD-IDS         &
                          \topthree{0.7785} & \topthree{0.467} & \topthree{0...
I can't figure out why you would want to use a tab mark
here. If you just want an ampersand, the remedy is
simple: Just type `I\&' now. But if some right brace
up above has ended a previous alignment prematurely,
you're probably due for more error messages, and you
might try typing `S' now just to see what is salvageable.

./chapters/chuong4.tex:288: Misplaced alignment tab character &.
l.288 FedKD-IDS         & \topthree{0.7785} &
                                              \topthree{0.467} & \topthree{0...
I can't figure out why you would want to use a tab mark
here. If you just want an ampersand, the remedy is
simple: Just type `I\&' now. But if some right brace
up above has ended a previous alignment prematurely,
you're probably due for more error messages, and you
might try typing `S' now just to see what is salvageable.

./chapters/chuong4.tex:288: Misplaced alignment tab character &.
l.288 ... & \topthree{0.7785} & \topthree{0.467} &
                                                   \topthree{0.43} & \topthr...
I can't figure out why you would want to use a tab mark
here. If you just want an ampersand, the remedy is
simple: Just type `I\&' now. But if some right brace
up above has ended a previous alignment prematurely,
you're probably due for more error messages, and you
might try typing `S' now just to see what is salvageable.

./chapters/chuong4.tex:288: Misplaced alignment tab character &.
l.288 ...5} & \topthree{0.467} & \topthree{0.43} &
                                                   \topthree{0.4267} \\
I can't figure out why you would want to use a tab mark
here. If you just want an ampersand, the remedy is
simple: Just type `I\&' now. But if some right brace
up above has ended a previous alignment prematurely,
you're probably due for more error messages, and you
might try typing `S' now just to see what is salvageable.

./chapters/chuong4.tex:289: Misplaced alignment tab character &.
l.289 FedProto          &
                          0.5400 & 0.321 & 0.2171 & 0.2273 \\
I can't figure out why you would want to use a tab mark
here. If you just want an ampersand, the remedy is
simple: Just type `I\&' now. But if some right brace
up above has ended a previous alignment prematurely,
you're probably due for more error messages, and you
might try typing `S' now just to see what is salvageable.

./chapters/chuong4.tex:289: Misplaced alignment tab character &.
l.289 FedProto          & 0.5400 &
                                   0.321 & 0.2171 & 0.2273 \\
I can't figure out why you would want to use a tab mark
here. If you just want an ampersand, the remedy is
simple: Just type `I\&' now. But if some right brace
up above has ended a previous alignment prematurely,
you're probably due for more error messages, and you
might try typing `S' now just to see what is salvageable.

./chapters/chuong4.tex:289: Misplaced alignment tab character &.
l.289 FedProto          & 0.5400 & 0.321 &
                                           0.2171 & 0.2273 \\
I can't figure out why you would want to use a tab mark
here. If you just want an ampersand, the remedy is
simple: Just type `I\&' now. But if some right brace
up above has ended a previous alignment prematurely,
you're probably due for more error messages, and you
might try typing `S' now just to see what is salvageable.

./chapters/chuong4.tex:289: Misplaced alignment tab character &.
l.289 ...roto          & 0.5400 & 0.321 & 0.2171 &
                                                   0.2273 \\
I can't figure out why you would want to use a tab mark
here. If you just want an ampersand, the remedy is
simple: Just type `I\&' now. But if some right brace
up above has ended a previous alignment prematurely,
you're probably due for more error messages, and you
might try typing `S' now just to see what is salvageable.

./chapters/chuong4.tex:290: Misplaced \noalign.
\bottomrule ->\noalign 
                       {\ifnum 0=`}\fi \@aboverulesep =\aboverulesep \global...
l.290 \bottomrule
                 
I expect to see \noalign only after the \cr of
an alignment. Proceed, and I'll ignore this case.


./chapters/chuong4.tex:291: LaTeX Error: \begin{table} on input line 277 ended by \end{tabularx}.

See the LaTeX manual or LaTeX Companion for explanation.
Type  H <return>  for immediate help.
 ...                                              
                                                  
l.291 \end{tabularx}
                    
Your command was ignored.
Type  I <command> <return>  to replace it with another command,
or  <return>  to continue without it.


./chapters/chuong4.tex:302: LaTeX Error: Environment tabularx undefined.

See the LaTeX manual or LaTeX Companion for explanation.
Type  H <return>  for immediate help.
 ...                                              
                                                  
l.302 \begin{tabularx}
                      {\textwidth}{lccccX}
Your command was ignored.
Type  I <command> <return>  to replace it with another command,
or  <return>  to continue without it.

./chapters/chuong4.tex:302: Missing number, treated as zero.
<to be read again> 
                   }
l.302 \begin{tabularx}{\textwidth}
                                  {lccccX}
A number should have been here; I inserted `0'.
(If you can't figure out why I needed to see a number,
look up `weird error' in the index to The TeXbook.)

./chapters/chuong4.tex:302: Illegal unit of measure (pt inserted).
<to be read again> 
                   }
l.302 \begin{tabularx}{\textwidth}
                                  {lccccX}
Dimensions can be in units of em, ex, in, pt, pc,
cm, mm, dd, cc, bp, or sp; but yours is a new one!
I'll assume that you meant to say pt, for printer's points.
To recover gracefully from this error, it's best to
delete the erroneous units; e.g., type `2' to delete
two letters. (See Chapter 27 of The TeXbook.)

./chapters/chuong4.tex:303: Misplaced \noalign.
\toprule ->\noalign 
                    {\ifnum 0=`}\fi \@aboverulesep =\abovetopsep \global \@b...
l.303 \toprule
              
I expect to see \noalign only after the \cr of
an alignment. Proceed, and I'll ignore this case.

./chapters/chuong4.tex:304: Misplaced alignment tab character &.
l.304 \textbf{Phương pháp} &
                             \textbf{Acc} & \textbf{Recall (macro)} & \textb...
I can't figure out why you would want to use a tab mark
here. If you just want an ampersand, the remedy is
simple: Just type `I\&' now. But if some right brace
up above has ended a previous alignment prematurely,
you're probably due for more error messages, and you
might try typing `S' now just to see what is salvageable.

./chapters/chuong4.tex:304: Misplaced alignment tab character &.
l.304 \textbf{Phương pháp} & \textbf{Acc} &
                                            \textbf{Recall (macro)} & \textb...
I can't figure out why you would want to use a tab mark
here. If you just want an ampersand, the remedy is
simple: Just type `I\&' now. But if some right brace
up above has ended a previous alignment prematurely,
you're probably due for more error messages, and you
might try typing `S' now just to see what is salvageable.

./chapters/chuong4.tex:304: Misplaced alignment tab character &.
l.304 ... \textbf{Acc} & \textbf{Recall (macro)} &
                                                   \textbf{Precision (macro)...
I can't figure out why you would want to use a tab mark
here. If you just want an ampersand, the remedy is
simple: Just type `I\&' now. But if some right brace
up above has ended a previous alignment prematurely,
you're probably due for more error messages, and you
might try typing `S' now just to see what is salvageable.

./chapters/chuong4.tex:304: Misplaced alignment tab character &.
l.304 ...l (macro)} & \textbf{Precision (macro)} &
                                                   \textbf{F1 (macro)} \\
I can't figure out why you would want to use a tab mark
here. If you just want an ampersand, the remedy is
simple: Just type `I\&' now. But if some right brace
up above has ended a previous alignment prematurely,
you're probably due for more error messages, and you
might try typing `S' now just to see what is salvageable.

./chapters/chuong4.tex:305: Misplaced \noalign.
\midrule ->\noalign 
                    {\ifnum 0=`}\fi \@aboverulesep =\aboverulesep \global \@...
l.305 \midrule
              
I expect to see \noalign only after the \cr of
an alignment. Proceed, and I'll ignore this case.

./chapters/chuong4.tex:306: Misplaced \omit.
\multispan ->\omit 
                   \@multispan 
l.306 ...{c}{\textbf{Federated Distillation (FD)}}
                                                   \\
I expect to see \omit only after tab marks or the \cr of
an alignment. Proceed, and I'll ignore this case.

./chapters/chuong4.tex:306: Misplaced \span.
\sp@n ->\span 
              \omit \advance \@multicnt \m@ne 
l.306 ...{c}{\textbf{Federated Distillation (FD)}}
                                                   \\
I can't figure out why you would want to use a tab mark
or \cr or \span just now. If something like a right brace
up above has ended a previous alignment prematurely,
you're probably due for more error messages, and you
might try typing `S' now just to see what is salvageable.

./chapters/chuong4.tex:306: Misplaced \omit.
\sp@n ->\span \omit 
                    \advance \@multicnt \m@ne 
l.306 ...{c}{\textbf{Federated Distillation (FD)}}
                                                   \\
I expect to see \omit only after tab marks or the \cr of
an alignment. Proceed, and I'll ignore this case.

./chapters/chuong4.tex:306: Misplaced \span.
\sp@n ->\span 
              \omit \advance \@multicnt \m@ne 
l.306 ...{c}{\textbf{Federated Distillation (FD)}}
                                                   \\
I can't figure out why you would want to use a tab mark
or \cr or \span just now. If something like a right brace
up above has ended a previous alignment prematurely,
you're probably due for more error messages, and you
might try typing `S' now just to see what is salvageable.

./chapters/chuong4.tex:306: Misplaced \omit.
\sp@n ->\span \omit 
                    \advance \@multicnt \m@ne 
l.306 ...{c}{\textbf{Federated Distillation (FD)}}
                                                   \\
I expect to see \omit only after tab marks or the \cr of
an alignment. Proceed, and I'll ignore this case.

./chapters/chuong4.tex:306: Misplaced \span.
\sp@n ->\span 
              \omit \advance \@multicnt \m@ne 
l.306 ...{c}{\textbf{Federated Distillation (FD)}}
                                                   \\
I can't figure out why you would want to use a tab mark
or \cr or \span just now. If something like a right brace
up above has ended a previous alignment prematurely,
you're probably due for more error messages, and you
might try typing `S' now just to see what is salvageable.

./chapters/chuong4.tex:306: Misplaced \omit.
\sp@n ->\span \omit 
                    \advance \@multicnt \m@ne 
l.306 ...{c}{\textbf{Federated Distillation (FD)}}
                                                   \\
I expect to see \omit only after tab marks or the \cr of
an alignment. Proceed, and I'll ignore this case.

./chapters/chuong4.tex:306: Misplaced \span.
\sp@n ->\span 
              \omit \advance \@multicnt \m@ne 
l.306 ...{c}{\textbf{Federated Distillation (FD)}}
                                                   \\
I can't figure out why you would want to use a tab mark
or \cr or \span just now. If something like a right brace
up above has ended a previous alignment prematurely,
you're probably due for more error messages, and you
might try typing `S' now just to see what is salvageable.

./chapters/chuong4.tex:306: Misplaced \omit.
\sp@n ->\span \omit 
                    \advance \@multicnt \m@ne 
l.306 ...{c}{\textbf{Federated Distillation (FD)}}
                                                   \\
I expect to see \omit only after tab marks or the \cr of
an alignment. Proceed, and I'll ignore this case.

./chapters/chuong4.tex:306: Misplaced \span.
\sp@n ->\span 
              \omit \advance \@multicnt \m@ne 
l.306 ...{c}{\textbf{Federated Distillation (FD)}}
                                                   \\
I can't figure out why you would want to use a tab mark
or \cr or \span just now. If something like a right brace
up above has ended a previous alignment prematurely,
you're probably due for more error messages, and you
might try typing `S' now just to see what is salvageable.

./chapters/chuong4.tex:306: Misplaced \omit.
\sp@n ->\span \omit 
                    \advance \@multicnt \m@ne 
l.306 ...{c}{\textbf{Federated Distillation (FD)}}
                                                   \\
I expect to see \omit only after tab marks or the \cr of
an alignment. Proceed, and I'll ignore this case.

./chapters/chuong4.tex:307: Misplaced \noalign.
\midrule ->\noalign 
                    {\ifnum 0=`}\fi \@aboverulesep =\aboverulesep \global \@...
l.307 \midrule
              
I expect to see \noalign only after the \cr of
an alignment. Proceed, and I'll ignore this case.

./chapters/chuong4.tex:308: Misplaced alignment tab character &.
l.308 Đề xuất           &
                          \toptwo{0.9582} & \topone{0.5500} & \topthree{0.51...
I can't figure out why you would want to use a tab mark
here. If you just want an ampersand, the remedy is
simple: Just type `I\&' now. But if some right brace
up above has ended a previous alignment prematurely,
you're probably due for more error messages, and you
might try typing `S' now just to see what is salvageable.

./chapters/chuong4.tex:308: Misplaced alignment tab character &.
l.308 Đề xuất           & \toptwo{0.9582} &
                                            \topone{0.5500} & \topthree{0.51...
I can't figure out why you would want to use a tab mark
here. If you just want an ampersand, the remedy is
simple: Just type `I\&' now. But if some right brace
up above has ended a previous alignment prematurely,
you're probably due for more error messages, and you
might try typing `S' now just to see what is salvageable.

./chapters/chuong4.tex:308: Misplaced alignment tab character &.
l.308 ...    & \toptwo{0.9582} & \topone{0.5500} &
                                                   \topthree{0.5131} & \topt...
I can't figure out why you would want to use a tab mark
here. If you just want an ampersand, the remedy is
simple: Just type `I\&' now. But if some right brace
up above has ended a previous alignment prematurely,
you're probably due for more error messages, and you
might try typing `S' now just to see what is salvageable.

./chapters/chuong4.tex:308: Misplaced alignment tab character &.
l.308 ...} & \topone{0.5500} & \topthree{0.5131} &
                                                   \toptwo{0.5188}  \\
I can't figure out why you would want to use a tab mark
here. If you just want an ampersand, the remedy is
simple: Just type `I\&' now. But if some right brace
up above has ended a previous alignment prematurely,
you're probably due for more error messages, and you
might try typing `S' now just to see what is salvageable.

./chapters/chuong4.tex:309: Misplaced alignment tab character &.
l.309 SSFL-IDS &
                 \topthree{0.9550} & 0.5069 & 0.4981 & 0.4904 \\
I can't figure out why you would want to use a tab mark
here. If you just want an ampersand, the remedy is
simple: Just type `I\&' now. But if some right brace
up above has ended a previous alignment prematurely,
you're probably due for more error messages, and you
might try typing `S' now just to see what is salvageable.

./chapters/chuong4.tex:309: Misplaced alignment tab character &.
l.309 SSFL-IDS & \topthree{0.9550} &
                                     0.5069 & 0.4981 & 0.4904 \\
I can't figure out why you would want to use a tab mark
here. If you just want an ampersand, the remedy is
simple: Just type `I\&' now. But if some right brace
up above has ended a previous alignment prematurely,
you're probably due for more error messages, and you
might try typing `S' now just to see what is salvageable.

./chapters/chuong4.tex:309: Misplaced alignment tab character &.
l.309 SSFL-IDS & \topthree{0.9550} & 0.5069 &
                                              0.4981 & 0.4904 \\
I can't figure out why you would want to use a tab mark
here. If you just want an ampersand, the remedy is
simple: Just type `I\&' now. But if some right brace
up above has ended a previous alignment prematurely,
you're probably due for more error messages, and you
might try typing `S' now just to see what is salvageable.

./chapters/chuong4.tex:309: Misplaced alignment tab character &.
l.309 ...S & \topthree{0.9550} & 0.5069 & 0.4981 &
                                                   0.4904 \\
I can't figure out why you would want to use a tab mark
here. If you just want an ampersand, the remedy is
simple: Just type `I\&' now. But if some right brace
up above has ended a previous alignment prematurely,
you're probably due for more error messages, and you
might try typing `S' now just to see what is salvageable.

./chapters/chuong4.tex:310: Misplaced alignment tab character &.
l.310 FedKD-IDS &
                  0.9500 & 0.5138 & 0.5079 & 0.4928 \\
I can't figure out why you would want to use a tab mark
here. If you just want an ampersand, the remedy is
simple: Just type `I\&' now. But if some right brace
up above has ended a previous alignment prematurely,
you're probably due for more error messages, and you
might try typing `S' now just to see what is salvageable.

./chapters/chuong4.tex:310: Misplaced alignment tab character &.
l.310 FedKD-IDS & 0.9500 &
                           0.5138 & 0.5079 & 0.4928 \\
I can't figure out why you would want to use a tab mark
here. If you just want an ampersand, the remedy is
simple: Just type `I\&' now. But if some right brace
up above has ended a previous alignment prematurely,
you're probably due for more error messages, and you
might try typing `S' now just to see what is salvageable.

./chapters/chuong4.tex:310: Misplaced alignment tab character &.
l.310 FedKD-IDS & 0.9500 & 0.5138 &
                                    0.5079 & 0.4928 \\
I can't figure out why you would want to use a tab mark
here. If you just want an ampersand, the remedy is
simple: Just type `I\&' now. But if some right brace
up above has ended a previous alignment prematurely,
you're probably due for more error messages, and you
might try typing `S' now just to see what is salvageable.

./chapters/chuong4.tex:310: Misplaced alignment tab character &.
l.310 FedKD-IDS & 0.9500 & 0.5138 & 0.5079 &
                                             0.4928 \\
I can't figure out why you would want to use a tab mark
here. If you just want an ampersand, the remedy is
simple: Just type `I\&' now. But if some right brace
up above has ended a previous alignment prematurely,
you're probably due for more error messages, and you
might try typing `S' now just to see what is salvageable.

./chapters/chuong4.tex:311: Misplaced alignment tab character &.
l.311 FedProto   &
                   0.5666 & 0.3355 & 0.2242 & 0.2399 \\
I can't figure out why you would want to use a tab mark
here. If you just want an ampersand, the remedy is
simple: Just type `I\&' now. But if some right brace
up above has ended a previous alignment prematurely,
you're probably due for more error messages, and you
might try typing `S' now just to see what is salvageable.

./chapters/chuong4.tex:311: Misplaced alignment tab character &.
l.311 FedProto   & 0.5666 &
                            0.3355 & 0.2242 & 0.2399 \\
I can't figure out why you would want to use a tab mark
here. If you just want an ampersand, the remedy is
simple: Just type `I\&' now. But if some right brace
up above has ended a previous alignment prematurely,
you're probably due for more error messages, and you
might try typing `S' now just to see what is salvageable.

./chapters/chuong4.tex:311: Misplaced alignment tab character &.
l.311 FedProto   & 0.5666 & 0.3355 &
                                     0.2242 & 0.2399 \\
I can't figure out why you would want to use a tab mark
here. If you just want an ampersand, the remedy is
simple: Just type `I\&' now. But if some right brace
up above has ended a previous alignment prematurely,
you're probably due for more error messages, and you
might try typing `S' now just to see what is salvageable.

./chapters/chuong4.tex:311: Misplaced alignment tab character &.
l.311 FedProto   & 0.5666 & 0.3355 & 0.2242 &
                                              0.2399 \\
I can't figure out why you would want to use a tab mark
here. If you just want an ampersand, the remedy is
simple: Just type `I\&' now. But if some right brace
up above has ended a previous alignment prematurely,
you're probably due for more error messages, and you
might try typing `S' now just to see what is salvageable.

./chapters/chuong4.tex:312: Misplaced \noalign.
\midrule ->\noalign 
                    {\ifnum 0=`}\fi \@aboverulesep =\aboverulesep \global \@...
l.312 \midrule
              
I expect to see \noalign only after the \cr of
an alignment. Proceed, and I'll ignore this case.

./chapters/chuong4.tex:313: Misplaced \omit.
\multispan ->\omit 
                   \@multispan 
l.313 ...n{6}{c}{\textbf{Federated Learning (FL)}}
                                                   \\
I expect to see \omit only after tab marks or the \cr of
an alignment. Proceed, and I'll ignore this case.

./chapters/chuong4.tex:313: Misplaced \span.
\sp@n ->\span 
              \omit \advance \@multicnt \m@ne 
l.313 ...n{6}{c}{\textbf{Federated Learning (FL)}}
                                                   \\
I can't figure out why you would want to use a tab mark
or \cr or \span just now. If something like a right brace
up above has ended a previous alignment prematurely,
you're probably due for more error messages, and you
might try typing `S' now just to see what is salvageable.

./chapters/chuong4.tex:313: Misplaced \omit.
\sp@n ->\span \omit 
                    \advance \@multicnt \m@ne 
l.313 ...n{6}{c}{\textbf{Federated Learning (FL)}}
                                                   \\
I expect to see \omit only after tab marks or the \cr of
an alignment. Proceed, and I'll ignore this case.

./chapters/chuong4.tex:313: Misplaced \span.
\sp@n ->\span 
              \omit \advance \@multicnt \m@ne 
l.313 ...n{6}{c}{\textbf{Federated Learning (FL)}}
                                                   \\
I can't figure out why you would want to use a tab mark
or \cr or \span just now. If something like a right brace
up above has ended a previous alignment prematurely,
you're probably due for more error messages, and you
might try typing `S' now just to see what is salvageable.

./chapters/chuong4.tex:313: Misplaced \omit.
\sp@n ->\span \omit 
                    \advance \@multicnt \m@ne 
l.313 ...n{6}{c}{\textbf{Federated Learning (FL)}}
                                                   \\
I expect to see \omit only after tab marks or the \cr of
an alignment. Proceed, and I'll ignore this case.

./chapters/chuong4.tex:313: Misplaced \span.
\sp@n ->\span 
              \omit \advance \@multicnt \m@ne 
l.313 ...n{6}{c}{\textbf{Federated Learning (FL)}}
                                                   \\
I can't figure out why you would want to use a tab mark
or \cr or \span just now. If something like a right brace
up above has ended a previous alignment prematurely,
you're probably due for more error messages, and you
might try typing `S' now just to see what is salvageable.

./chapters/chuong4.tex:313: Misplaced \omit.
\sp@n ->\span \omit 
                    \advance \@multicnt \m@ne 
l.313 ...n{6}{c}{\textbf{Federated Learning (FL)}}
                                                   \\
I expect to see \omit only after tab marks or the \cr of
an alignment. Proceed, and I'll ignore this case.

./chapters/chuong4.tex:313: Misplaced \span.
\sp@n ->\span 
              \omit \advance \@multicnt \m@ne 
l.313 ...n{6}{c}{\textbf{Federated Learning (FL)}}
                                                   \\
I can't figure out why you would want to use a tab mark
or \cr or \span just now. If something like a right brace
up above has ended a previous alignment prematurely,
you're probably due for more error messages, and you
might try typing `S' now just to see what is salvageable.

./chapters/chuong4.tex:313: Misplaced \omit.
\sp@n ->\span \omit 
                    \advance \@multicnt \m@ne 
l.313 ...n{6}{c}{\textbf{Federated Learning (FL)}}
                                                   \\
I expect to see \omit only after tab marks or the \cr of
an alignment. Proceed, and I'll ignore this case.

./chapters/chuong4.tex:313: Misplaced \span.
\sp@n ->\span 
              \omit \advance \@multicnt \m@ne 
l.313 ...n{6}{c}{\textbf{Federated Learning (FL)}}
                                                   \\
I can't figure out why you would want to use a tab mark
or \cr or \span just now. If something like a right brace
up above has ended a previous alignment prematurely,
you're probably due for more error messages, and you
might try typing `S' now just to see what is salvageable.

./chapters/chuong4.tex:313: Misplaced \omit.
\sp@n ->\span \omit 
                    \advance \@multicnt \m@ne 
l.313 ...n{6}{c}{\textbf{Federated Learning (FL)}}
                                                   \\
I expect to see \omit only after tab marks or the \cr of
an alignment. Proceed, and I'll ignore this case.

./chapters/chuong4.tex:314: Misplaced \noalign.
\midrule ->\noalign 
                    {\ifnum 0=`}\fi \@aboverulesep =\aboverulesep \global \@...
l.314 \midrule
              
I expect to see \noalign only after the \cr of
an alignment. Proceed, and I'll ignore this case.

./chapters/chuong4.tex:315: Misplaced alignment tab character &.
l.315 FedAvg     &
                   \topone{0.9674} & \topthree{0.5272} & \topone{0.6153} & \...
I can't figure out why you would want to use a tab mark
here. If you just want an ampersand, the remedy is
simple: Just type `I\&' now. But if some right brace
up above has ended a previous alignment prematurely,
you're probably due for more error messages, and you
might try typing `S' now just to see what is salvageable.

./chapters/chuong4.tex:315: Misplaced alignment tab character &.
l.315 FedAvg     & \topone{0.9674} &
                                     \topthree{0.5272} & \topone{0.6153} & \...
I can't figure out why you would want to use a tab mark
here. If you just want an ampersand, the remedy is
simple: Just type `I\&' now. But if some right brace
up above has ended a previous alignment prematurely,
you're probably due for more error messages, and you
might try typing `S' now just to see what is salvageable.

./chapters/chuong4.tex:315: Misplaced alignment tab character &.
l.315 ...  & \topone{0.9674} & \topthree{0.5272} &
                                                   \topone{0.6153} & \topthr...
I can't figure out why you would want to use a tab mark
here. If you just want an ampersand, the remedy is
simple: Just type `I\&' now. But if some right brace
up above has ended a previous alignment prematurely,
you're probably due for more error messages, and you
might try typing `S' now just to see what is salvageable.

./chapters/chuong4.tex:315: Misplaced alignment tab character &.
l.315 ...} & \topthree{0.5272} & \topone{0.6153} &
                                                   \topthree{0.5182} \\
I can't figure out why you would want to use a tab mark
here. If you just want an ampersand, the remedy is
simple: Just type `I\&' now. But if some right brace
up above has ended a previous alignment prematurely,
you're probably due for more error messages, and you
might try typing `S' now just to see what is salvageable.

./chapters/chuong4.tex:316: Misplaced alignment tab character &.
l.316 FLAME      &
                   0.9088 & \toptwo{0.5386} & \toptwo{0.5738} & \topone{0.52...
I can't figure out why you would want to use a tab mark
here. If you just want an ampersand, the remedy is
simple: Just type `I\&' now. But if some right brace
up above has ended a previous alignment prematurely,
you're probably due for more error messages, and you
might try typing `S' now just to see what is salvageable.

./chapters/chuong4.tex:316: Misplaced alignment tab character &.
l.316 FLAME      & 0.9088 &
                            \toptwo{0.5386} & \toptwo{0.5738} & \topone{0.52...
I can't figure out why you would want to use a tab mark
here. If you just want an ampersand, the remedy is
simple: Just type `I\&' now. But if some right brace
up above has ended a previous alignment prematurely,
you're probably due for more error messages, and you
might try typing `S' now just to see what is salvageable.

./chapters/chuong4.tex:316: Misplaced alignment tab character &.
l.316 FLAME      & 0.9088 & \toptwo{0.5386} &
                                              \toptwo{0.5738} & \topone{0.52...
I can't figure out why you would want to use a tab mark
here. If you just want an ampersand, the remedy is
simple: Just type `I\&' now. But if some right brace
up above has ended a previous alignment prematurely,
you're probably due for more error messages, and you
might try typing `S' now just to see what is salvageable.

./chapters/chuong4.tex:316: Misplaced alignment tab character &.
l.316 ...088 & \toptwo{0.5386} & \toptwo{0.5738} &
                                                   \topone{0.5211}\\
I can't figure out why you would want to use a tab mark
here. If you just want an ampersand, the remedy is
simple: Just type `I\&' now. But if some right brace
up above has ended a previous alignment prematurely,
you're probably due for more error messages, and you
might try typing `S' now just to see what is salvageable.

./chapters/chuong4.tex:317: Misplaced \noalign.
\bottomrule ->\noalign 
                       {\ifnum 0=`}\fi \@aboverulesep =\aboverulesep \global...
l.317 \bottomrule
                 
I expect to see \noalign only after the \cr of
an alignment. Proceed, and I'll ignore this case.


./chapters/chuong4.tex:318: LaTeX Error: \begin{table} on input line 297 ended by \end{tabularx}.

See the LaTeX manual or LaTeX Companion for explanation.
Type  H <return>  for immediate help.
 ...                                              
                                                  
l.318 \end{tabularx}
                    
Your command was ignored.
Type  I <command> <return>  to replace it with another command,
or  <return>  to continue without it.


./chapters/chuong4.tex:326: LaTeX Error: Environment tabularx undefined.

See the LaTeX manual or LaTeX Companion for explanation.
Type  H <return>  for immediate help.
 ...                                              
                                                  
l.326 \begin{tabularx}
                      {\textwidth}{lccccX}
Your command was ignored.
Type  I <command> <return>  to replace it with another command,
or  <return>  to continue without it.

./chapters/chuong4.tex:326: Missing number, treated as zero.
<to be read again> 
                   }
l.326 \begin{tabularx}{\textwidth}
                                  {lccccX}
A number should have been here; I inserted `0'.
(If you can't figure out why I needed to see a number,
look up `weird error' in the index to The TeXbook.)

./chapters/chuong4.tex:326: Illegal unit of measure (pt inserted).
<to be read again> 
                   }
l.326 \begin{tabularx}{\textwidth}
                                  {lccccX}
Dimensions can be in units of em, ex, in, pt, pc,
cm, mm, dd, cc, bp, or sp; but yours is a new one!
I'll assume that you meant to say pt, for printer's points.
To recover gracefully from this error, it's best to
delete the erroneous units; e.g., type `2' to delete
two letters. (See Chapter 27 of The TeXbook.)

./chapters/chuong4.tex:327: Misplaced \noalign.
\toprule ->\noalign 
                    {\ifnum 0=`}\fi \@aboverulesep =\abovetopsep \global \@b...
l.327 \toprule
              
I expect to see \noalign only after the \cr of
an alignment. Proceed, and I'll ignore this case.

./chapters/chuong4.tex:328: Misplaced alignment tab character &.
l.328 \textbf{Phương pháp} &
                             \textbf{Acc} & \textbf{Recall (macro)} & \textb...
I can't figure out why you would want to use a tab mark
here. If you just want an ampersand, the remedy is
simple: Just type `I\&' now. But if some right brace
up above has ended a previous alignment prematurely,
you're probably due for more error messages, and you
might try typing `S' now just to see what is salvageable.

./chapters/chuong4.tex:328: Misplaced alignment tab character &.
l.328 \textbf{Phương pháp} & \textbf{Acc} &
                                            \textbf{Recall (macro)} & \textb...
I can't figure out why you would want to use a tab mark
here. If you just want an ampersand, the remedy is
simple: Just type `I\&' now. But if some right brace
up above has ended a previous alignment prematurely,
you're probably due for more error messages, and you
might try typing `S' now just to see what is salvageable.

./chapters/chuong4.tex:328: Misplaced alignment tab character &.
l.328 ... \textbf{Acc} & \textbf{Recall (macro)} &
                                                   \textbf{Precision (macro)...
I can't figure out why you would want to use a tab mark
here. If you just want an ampersand, the remedy is
simple: Just type `I\&' now. But if some right brace
up above has ended a previous alignment prematurely,
you're probably due for more error messages, and you
might try typing `S' now just to see what is salvageable.

./chapters/chuong4.tex:328: Misplaced alignment tab character &.
l.328 ...l (macro)} & \textbf{Precision (macro)} &
                                                   \textbf{F1 (macro)}  \\
I can't figure out why you would want to use a tab mark
here. If you just want an ampersand, the remedy is
simple: Just type `I\&' now. But if some right brace
up above has ended a previous alignment prematurely,
you're probably due for more error messages, and you
might try typing `S' now just to see what is salvageable.

./chapters/chuong4.tex:329: Misplaced \noalign.
\midrule ->\noalign 
                    {\ifnum 0=`}\fi \@aboverulesep =\aboverulesep \global \@...
l.329 \midrule
              
I expect to see \noalign only after the \cr of
an alignment. Proceed, and I'll ignore this case.

./chapters/chuong4.tex:330: Misplaced alignment tab character &.
l.330 Đề xuất           &
                          \topone{0.9306} & \toptwo{0.4882} & \toptwo{0.487}...
I can't figure out why you would want to use a tab mark
here. If you just want an ampersand, the remedy is
simple: Just type `I\&' now. But if some right brace
up above has ended a previous alignment prematurely,
you're probably due for more error messages, and you
might try typing `S' now just to see what is salvageable.

./chapters/chuong4.tex:330: Misplaced alignment tab character &.
l.330 Đề xuất           & \topone{0.9306} &
                                            \toptwo{0.4882} & \toptwo{0.487}...
I can't figure out why you would want to use a tab mark
here. If you just want an ampersand, the remedy is
simple: Just type `I\&' now. But if some right brace
up above has ended a previous alignment prematurely,
you're probably due for more error messages, and you
might try typing `S' now just to see what is salvageable.

./chapters/chuong4.tex:330: Misplaced alignment tab character &.
l.330 ...    & \topone{0.9306} & \toptwo{0.4882} &
                                                   \toptwo{0.487} & \toptwo{...
I can't figure out why you would want to use a tab mark
here. If you just want an ampersand, the remedy is
simple: Just type `I\&' now. But if some right brace
up above has ended a previous alignment prematurely,
you're probably due for more error messages, and you
might try typing `S' now just to see what is salvageable.

./chapters/chuong4.tex:330: Misplaced alignment tab character &.
l.330 ...306} & \toptwo{0.4882} & \toptwo{0.487} &
                                                   \toptwo{0.4713}\\
I can't figure out why you would want to use a tab mark
here. If you just want an ampersand, the remedy is
simple: Just type `I\&' now. But if some right brace
up above has ended a previous alignment prematurely,
you're probably due for more error messages, and you
might try typing `S' now just to see what is salvageable.

./chapters/chuong4.tex:331: Misplaced alignment tab character &.
l.331 SSFL-IDS          &
                          \toptwo{0.8954} & \topone{0.4897} & \topone{0.4976...
I can't figure out why you would want to use a tab mark
here. If you just want an ampersand, the remedy is
simple: Just type `I\&' now. But if some right brace
up above has ended a previous alignment prematurely,
you're probably due for more error messages, and you
might try typing `S' now just to see what is salvageable.

./chapters/chuong4.tex:331: Misplaced alignment tab character &.
l.331 SSFL-IDS          & \toptwo{0.8954} &
                                            \topone{0.4897} & \topone{0.4976...
I can't figure out why you would want to use a tab mark
here. If you just want an ampersand, the remedy is
simple: Just type `I\&' now. But if some right brace
up above has ended a previous alignment prematurely,
you're probably due for more error messages, and you
might try typing `S' now just to see what is salvageable.

./chapters/chuong4.tex:331: Misplaced alignment tab character &.
l.331 ...    & \toptwo{0.8954} & \topone{0.4897} &
                                                   \topone{0.4976} & \topone...
I can't figure out why you would want to use a tab mark
here. If you just want an ampersand, the remedy is
simple: Just type `I\&' now. But if some right brace
up above has ended a previous alignment prematurely,
you're probably due for more error messages, and you
might try typing `S' now just to see what is salvageable.

./chapters/chuong4.tex:331: Misplaced alignment tab character &.
l.331 ...54} & \topone{0.4897} & \topone{0.4976} &
                                                   \topone{0.4763}\\
I can't figure out why you would want to use a tab mark
here. If you just want an ampersand, the remedy is
simple: Just type `I\&' now. But if some right brace
up above has ended a previous alignment prematurely,
you're probably due for more error messages, and you
might try typing `S' now just to see what is salvageable.

./chapters/chuong4.tex:332: Misplaced alignment tab character &.
l.332 FedKD-IDS         &
                          \topthree{0.7758} & \topthree{0.4487} & \topthree{...
I can't figure out why you would want to use a tab mark
here. If you just want an ampersand, the remedy is
simple: Just type `I\&' now. But if some right brace
up above has ended a previous alignment prematurely,
you're probably due for more error messages, and you
might try typing `S' now just to see what is salvageable.

./chapters/chuong4.tex:332: Misplaced alignment tab character &.
l.332 FedKD-IDS         & \topthree{0.7758} &
                                              \topthree{0.4487} & \topthree{...
I can't figure out why you would want to use a tab mark
here. If you just want an ampersand, the remedy is
simple: Just type `I\&' now. But if some right brace
up above has ended a previous alignment prematurely,
you're probably due for more error messages, and you
might try typing `S' now just to see what is salvageable.

./chapters/chuong4.tex:332: Misplaced alignment tab character &.
l.332 ...& \topthree{0.7758} & \topthree{0.4487} &
                                                   \topthree{0.4061} & \topt...
I can't figure out why you would want to use a tab mark
here. If you just want an ampersand, the remedy is
simple: Just type `I\&' now. But if some right brace
up above has ended a previous alignment prematurely,
you're probably due for more error messages, and you
might try typing `S' now just to see what is salvageable.

./chapters/chuong4.tex:332: Misplaced alignment tab character &.
l.332 ...& \topthree{0.4487} & \topthree{0.4061} &
                                                   \topthree{0.3992}\\
I can't figure out why you would want to use a tab mark
here. If you just want an ampersand, the remedy is
simple: Just type `I\&' now. But if some right brace
up above has ended a previous alignment prematurely,
you're probably due for more error messages, and you
might try typing `S' now just to see what is salvageable.

./chapters/chuong4.tex:333: Misplaced alignment tab character &.
l.333 FedProto          &
                          0.5487 & 0.3263 & 0.2253 & 0.2335\\
I can't figure out why you would want to use a tab mark
here. If you just want an ampersand, the remedy is
simple: Just type `I\&' now. But if some right brace
up above has ended a previous alignment prematurely,
you're probably due for more error messages, and you
might try typing `S' now just to see what is salvageable.

./chapters/chuong4.tex:333: Misplaced alignment tab character &.
l.333 FedProto          & 0.5487 &
                                   0.3263 & 0.2253 & 0.2335\\
I can't figure out why you would want to use a tab mark
here. If you just want an ampersand, the remedy is
simple: Just type `I\&' now. But if some right brace
up above has ended a previous alignment prematurely,
you're probably due for more error messages, and you
might try typing `S' now just to see what is salvageable.

./chapters/chuong4.tex:333: Misplaced alignment tab character &.
l.333 FedProto          & 0.5487 & 0.3263 &
                                            0.2253 & 0.2335\\
I can't figure out why you would want to use a tab mark
here. If you just want an ampersand, the remedy is
simple: Just type `I\&' now. But if some right brace
up above has ended a previous alignment prematurely,
you're probably due for more error messages, and you
might try typing `S' now just to see what is salvageable.

./chapters/chuong4.tex:333: Misplaced alignment tab character &.
l.333 ...oto          & 0.5487 & 0.3263 & 0.2253 &
                                                   0.2335\\
I can't figure out why you would want to use a tab mark
here. If you just want an ampersand, the remedy is
simple: Just type `I\&' now. But if some right brace
up above has ended a previous alignment prematurely,
you're probably due for more error messages, and you
might try typing `S' now just to see what is salvageable.

./chapters/chuong4.tex:334: Misplaced \noalign.
\bottomrule ->\noalign 
                       {\ifnum 0=`}\fi \@aboverulesep =\aboverulesep \global...
l.334 \bottomrule
                 
I expect to see \noalign only after the \cr of
an alignment. Proceed, and I'll ignore this case.


./chapters/chuong4.tex:335: LaTeX Error: \begin{table} on input line 321 ended by \end{tabularx}.

See the LaTeX manual or LaTeX Companion for explanation.
Type  H <return>  for immediate help.
 ...                                              
                                                  
l.335 \end{tabularx}
                    
Your command was ignored.
Type  I <command> <return>  to replace it with another command,
or  <return>  to continue without it.




Package fancyhdr Warning: \headheight is too small (15.5pt): 
(fancyhdr)                Make it at least 17.7352pt, for example:
(fancyhdr)                \setlength{\headheight}{17.7352pt}.
(fancyhdr)                You might also make \topmargin smaller:
(fancyhdr)                \addtolength{\topmargin}{-2.2352pt}.

[42]

./chapters/chuong4.tex:343: LaTeX Error: Environment tabularx undefined.

See the LaTeX manual or LaTeX Companion for explanation.
Type  H <return>  for immediate help.
 ...                                              
                                                  
l.343 \begin{tabularx}
                      {\textwidth}{lccccX}
Your command was ignored.
Type  I <command> <return>  to replace it with another command,
or  <return>  to continue without it.

./chapters/chuong4.tex:343: Missing number, treated as zero.
<to be read again> 
                   }
l.343 \begin{tabularx}{\textwidth}
                                  {lccccX}
A number should have been here; I inserted `0'.
(If you can't figure out why I needed to see a number,
look up `weird error' in the index to The TeXbook.)

./chapters/chuong4.tex:343: Illegal unit of measure (pt inserted).
<to be read again> 
                   }
l.343 \begin{tabularx}{\textwidth}
                                  {lccccX}
Dimensions can be in units of em, ex, in, pt, pc,
cm, mm, dd, cc, bp, or sp; but yours is a new one!
I'll assume that you meant to say pt, for printer's points.
To recover gracefully from this error, it's best to
delete the erroneous units; e.g., type `2' to delete
two letters. (See Chapter 27 of The TeXbook.)

./chapters/chuong4.tex:344: Misplaced \noalign.
\toprule ->\noalign 
                    {\ifnum 0=`}\fi \@aboverulesep =\abovetopsep \global \@b...
l.344 \toprule
              
I expect to see \noalign only after the \cr of
an alignment. Proceed, and I'll ignore this case.

./chapters/chuong4.tex:345: Misplaced alignment tab character &.
l.345 \textbf{Phương pháp} &
                             \textbf{Acc} & \textbf{Recall (macro)} & \textb...
I can't figure out why you would want to use a tab mark
here. If you just want an ampersand, the remedy is
simple: Just type `I\&' now. But if some right brace
up above has ended a previous alignment prematurely,
you're probably due for more error messages, and you
might try typing `S' now just to see what is salvageable.

./chapters/chuong4.tex:345: Misplaced alignment tab character &.
l.345 \textbf{Phương pháp} & \textbf{Acc} &
                                            \textbf{Recall (macro)} & \textb...
I can't figure out why you would want to use a tab mark
here. If you just want an ampersand, the remedy is
simple: Just type `I\&' now. But if some right brace
up above has ended a previous alignment prematurely,
you're probably due for more error messages, and you
might try typing `S' now just to see what is salvageable.

./chapters/chuong4.tex:345: Misplaced alignment tab character &.
l.345 ... \textbf{Acc} & \textbf{Recall (macro)} &
                                                   \textbf{Precision (macro)...
I can't figure out why you would want to use a tab mark
here. If you just want an ampersand, the remedy is
simple: Just type `I\&' now. But if some right brace
up above has ended a previous alignment prematurely,
you're probably due for more error messages, and you
might try typing `S' now just to see what is salvageable.

./chapters/chuong4.tex:345: Misplaced alignment tab character &.
l.345 ...l (macro)} & \textbf{Precision (macro)} &
                                                   \textbf{F1 (macro)}  \\
I can't figure out why you would want to use a tab mark
here. If you just want an ampersand, the remedy is
simple: Just type `I\&' now. But if some right brace
up above has ended a previous alignment prematurely,
you're probably due for more error messages, and you
might try typing `S' now just to see what is salvageable.

./chapters/chuong4.tex:346: Misplaced \noalign.
\midrule ->\noalign 
                    {\ifnum 0=`}\fi \@aboverulesep =\aboverulesep \global \@...
l.346 \midrule
              
I expect to see \noalign only after the \cr of
an alignment. Proceed, and I'll ignore this case.

./chapters/chuong4.tex:347: Misplaced \omit.
\multispan ->\omit 
                   \@multispan 
l.347 ...{c}{\textbf{Federated Distillation (FD)}}
                                                   \\
I expect to see \omit only after tab marks or the \cr of
an alignment. Proceed, and I'll ignore this case.

./chapters/chuong4.tex:347: Misplaced \span.
\sp@n ->\span 
              \omit \advance \@multicnt \m@ne 
l.347 ...{c}{\textbf{Federated Distillation (FD)}}
                                                   \\
I can't figure out why you would want to use a tab mark
or \cr or \span just now. If something like a right brace
up above has ended a previous alignment prematurely,
you're probably due for more error messages, and you
might try typing `S' now just to see what is salvageable.

./chapters/chuong4.tex:347: Misplaced \omit.
\sp@n ->\span \omit 
                    \advance \@multicnt \m@ne 
l.347 ...{c}{\textbf{Federated Distillation (FD)}}
                                                   \\
I expect to see \omit only after tab marks or the \cr of
an alignment. Proceed, and I'll ignore this case.

./chapters/chuong4.tex:347: Misplaced \span.
\sp@n ->\span 
              \omit \advance \@multicnt \m@ne 
l.347 ...{c}{\textbf{Federated Distillation (FD)}}
                                                   \\
I can't figure out why you would want to use a tab mark
or \cr or \span just now. If something like a right brace
up above has ended a previous alignment prematurely,
you're probably due for more error messages, and you
might try typing `S' now just to see what is salvageable.

./chapters/chuong4.tex:347: Misplaced \omit.
\sp@n ->\span \omit 
                    \advance \@multicnt \m@ne 
l.347 ...{c}{\textbf{Federated Distillation (FD)}}
                                                   \\
I expect to see \omit only after tab marks or the \cr of
an alignment. Proceed, and I'll ignore this case.

./chapters/chuong4.tex:347: Misplaced \span.
\sp@n ->\span 
              \omit \advance \@multicnt \m@ne 
l.347 ...{c}{\textbf{Federated Distillation (FD)}}
                                                   \\
I can't figure out why you would want to use a tab mark
or \cr or \span just now. If something like a right brace
up above has ended a previous alignment prematurely,
you're probably due for more error messages, and you
might try typing `S' now just to see what is salvageable.

./chapters/chuong4.tex:347: Misplaced \omit.
\sp@n ->\span \omit 
                    \advance \@multicnt \m@ne 
l.347 ...{c}{\textbf{Federated Distillation (FD)}}
                                                   \\
I expect to see \omit only after tab marks or the \cr of
an alignment. Proceed, and I'll ignore this case.

./chapters/chuong4.tex:347: Misplaced \span.
\sp@n ->\span 
              \omit \advance \@multicnt \m@ne 
l.347 ...{c}{\textbf{Federated Distillation (FD)}}
                                                   \\
I can't figure out why you would want to use a tab mark
or \cr or \span just now. If something like a right brace
up above has ended a previous alignment prematurely,
you're probably due for more error messages, and you
might try typing `S' now just to see what is salvageable.

./chapters/chuong4.tex:347: Misplaced \omit.
\sp@n ->\span \omit 
                    \advance \@multicnt \m@ne 
l.347 ...{c}{\textbf{Federated Distillation (FD)}}
                                                   \\
I expect to see \omit only after tab marks or the \cr of
an alignment. Proceed, and I'll ignore this case.

./chapters/chuong4.tex:347: Misplaced \span.
\sp@n ->\span 
              \omit \advance \@multicnt \m@ne 
l.347 ...{c}{\textbf{Federated Distillation (FD)}}
                                                   \\
I can't figure out why you would want to use a tab mark
or \cr or \span just now. If something like a right brace
up above has ended a previous alignment prematurely,
you're probably due for more error messages, and you
might try typing `S' now just to see what is salvageable.

./chapters/chuong4.tex:347: Misplaced \omit.
\sp@n ->\span \omit 
                    \advance \@multicnt \m@ne 
l.347 ...{c}{\textbf{Federated Distillation (FD)}}
                                                   \\
I expect to see \omit only after tab marks or the \cr of
an alignment. Proceed, and I'll ignore this case.

./chapters/chuong4.tex:348: Misplaced \noalign.
\midrule ->\noalign 
                    {\ifnum 0=`}\fi \@aboverulesep =\aboverulesep \global \@...
l.348 \midrule
              
I expect to see \noalign only after the \cr of
an alignment. Proceed, and I'll ignore this case.

./chapters/chuong4.tex:349: Misplaced alignment tab character &.
l.349 Đề xuất           &
                          \topthree{0.8431} & \topthree{0.476} & 0.4684 & \t...
I can't figure out why you would want to use a tab mark
here. If you just want an ampersand, the remedy is
simple: Just type `I\&' now. But if some right brace
up above has ended a previous alignment prematurely,
you're probably due for more error messages, and you
might try typing `S' now just to see what is salvageable.

./chapters/chuong4.tex:349: Misplaced alignment tab character &.
l.349 Đề xuất           & \topthree{0.8431} &
                                              \topthree{0.476} & 0.4684 & \t...
I can't figure out why you would want to use a tab mark
here. If you just want an ampersand, the remedy is
simple: Just type `I\&' now. But if some right brace
up above has ended a previous alignment prematurely,
you're probably due for more error messages, and you
might try typing `S' now just to see what is salvageable.

./chapters/chuong4.tex:349: Misplaced alignment tab character &.
l.349 ... & \topthree{0.8431} & \topthree{0.476} &
                                                   0.4684 & \topthree{0.4427...
I can't figure out why you would want to use a tab mark
here. If you just want an ampersand, the remedy is
simple: Just type `I\&' now. But if some right brace
up above has ended a previous alignment prematurely,
you're probably due for more error messages, and you
might try typing `S' now just to see what is salvageable.

./chapters/chuong4.tex:349: Misplaced alignment tab character &.
l.349 ...ree{0.8431} & \topthree{0.476} & 0.4684 &
                                                   \topthree{0.4427} \\
I can't figure out why you would want to use a tab mark
here. If you just want an ampersand, the remedy is
simple: Just type `I\&' now. But if some right brace
up above has ended a previous alignment prematurely,
you're probably due for more error messages, and you
might try typing `S' now just to see what is salvageable.

./chapters/chuong4.tex:350: Misplaced alignment tab character &.
l.350 SSFL-IDS &
                 \toptwo{0.9575} & \toptwo{0.5397} & \toptwo{0.5347} & \topt...
I can't figure out why you would want to use a tab mark
here. If you just want an ampersand, the remedy is
simple: Just type `I\&' now. But if some right brace
up above has ended a previous alignment prematurely,
you're probably due for more error messages, and you
might try typing `S' now just to see what is salvageable.

./chapters/chuong4.tex:350: Misplaced alignment tab character &.
l.350 SSFL-IDS & \toptwo{0.9575} &
                                   \toptwo{0.5397} & \toptwo{0.5347} & \topt...
I can't figure out why you would want to use a tab mark
here. If you just want an ampersand, the remedy is
simple: Just type `I\&' now. But if some right brace
up above has ended a previous alignment prematurely,
you're probably due for more error messages, and you
might try typing `S' now just to see what is salvageable.

./chapters/chuong4.tex:350: Misplaced alignment tab character &.
l.350 ...IDS & \toptwo{0.9575} & \toptwo{0.5397} &
                                                   \toptwo{0.5347} & \toptwo...
I can't figure out why you would want to use a tab mark
here. If you just want an ampersand, the remedy is
simple: Just type `I\&' now. But if some right brace
up above has ended a previous alignment prematurely,
you're probably due for more error messages, and you
might try typing `S' now just to see what is salvageable.

./chapters/chuong4.tex:350: Misplaced alignment tab character &.
l.350 ...75} & \toptwo{0.5397} & \toptwo{0.5347} &
                                                   \toptwo{0.5178}\\
I can't figure out why you would want to use a tab mark
here. If you just want an ampersand, the remedy is
simple: Just type `I\&' now. But if some right brace
up above has ended a previous alignment prematurely,
you're probably due for more error messages, and you
might try typing `S' now just to see what is salvageable.

./chapters/chuong4.tex:351: Misplaced alignment tab character &.
l.351 FedKD-IDS &
                  0.7346 & 0.3974 & 0.3184 & 0.3383\\
I can't figure out why you would want to use a tab mark
here. If you just want an ampersand, the remedy is
simple: Just type `I\&' now. But if some right brace
up above has ended a previous alignment prematurely,
you're probably due for more error messages, and you
might try typing `S' now just to see what is salvageable.

./chapters/chuong4.tex:351: Misplaced alignment tab character &.
l.351 FedKD-IDS & 0.7346 &
                           0.3974 & 0.3184 & 0.3383\\
I can't figure out why you would want to use a tab mark
here. If you just want an ampersand, the remedy is
simple: Just type `I\&' now. But if some right brace
up above has ended a previous alignment prematurely,
you're probably due for more error messages, and you
might try typing `S' now just to see what is salvageable.

./chapters/chuong4.tex:351: Misplaced alignment tab character &.
l.351 FedKD-IDS & 0.7346 & 0.3974 &
                                    0.3184 & 0.3383\\
I can't figure out why you would want to use a tab mark
here. If you just want an ampersand, the remedy is
simple: Just type `I\&' now. But if some right brace
up above has ended a previous alignment prematurely,
you're probably due for more error messages, and you
might try typing `S' now just to see what is salvageable.

./chapters/chuong4.tex:351: Misplaced alignment tab character &.
l.351 FedKD-IDS & 0.7346 & 0.3974 & 0.3184 &
                                             0.3383\\
I can't figure out why you would want to use a tab mark
here. If you just want an ampersand, the remedy is
simple: Just type `I\&' now. But if some right brace
up above has ended a previous alignment prematurely,
you're probably due for more error messages, and you
might try typing `S' now just to see what is salvageable.

./chapters/chuong4.tex:352: Misplaced alignment tab character &.
l.352 FedProto   &
                   0.5565 & 0.3266 & 0.2165 & 0.2317\\
I can't figure out why you would want to use a tab mark
here. If you just want an ampersand, the remedy is
simple: Just type `I\&' now. But if some right brace
up above has ended a previous alignment prematurely,
you're probably due for more error messages, and you
might try typing `S' now just to see what is salvageable.

./chapters/chuong4.tex:352: Misplaced alignment tab character &.
l.352 FedProto   & 0.5565 &
                            0.3266 & 0.2165 & 0.2317\\
I can't figure out why you would want to use a tab mark
here. If you just want an ampersand, the remedy is
simple: Just type `I\&' now. But if some right brace
up above has ended a previous alignment prematurely,
you're probably due for more error messages, and you
might try typing `S' now just to see what is salvageable.

./chapters/chuong4.tex:352: Misplaced alignment tab character &.
l.352 FedProto   & 0.5565 & 0.3266 &
                                     0.2165 & 0.2317\\
I can't figure out why you would want to use a tab mark
here. If you just want an ampersand, the remedy is
simple: Just type `I\&' now. But if some right brace
up above has ended a previous alignment prematurely,
you're probably due for more error messages, and you
might try typing `S' now just to see what is salvageable.

./chapters/chuong4.tex:352: Misplaced alignment tab character &.
l.352 FedProto   & 0.5565 & 0.3266 & 0.2165 &
                                              0.2317\\
I can't figure out why you would want to use a tab mark
here. If you just want an ampersand, the remedy is
simple: Just type `I\&' now. But if some right brace
up above has ended a previous alignment prematurely,
you're probably due for more error messages, and you
might try typing `S' now just to see what is salvageable.

./chapters/chuong4.tex:353: Misplaced \noalign.
\midrule ->\noalign 
                    {\ifnum 0=`}\fi \@aboverulesep =\aboverulesep \global \@...
l.353 \midrule
              
I expect to see \noalign only after the \cr of
an alignment. Proceed, and I'll ignore this case.

./chapters/chuong4.tex:354: Misplaced \omit.
\multispan ->\omit 
                   \@multispan 
l.354 ...n{6}{c}{\textbf{Federated Learning (FL)}}
                                                   \\
I expect to see \omit only after tab marks or the \cr of
an alignment. Proceed, and I'll ignore this case.

./chapters/chuong4.tex:354: Misplaced \span.
\sp@n ->\span 
              \omit \advance \@multicnt \m@ne 
l.354 ...n{6}{c}{\textbf{Federated Learning (FL)}}
                                                   \\
I can't figure out why you would want to use a tab mark
or \cr or \span just now. If something like a right brace
up above has ended a previous alignment prematurely,
you're probably due for more error messages, and you
might try typing `S' now just to see what is salvageable.

./chapters/chuong4.tex:354: Misplaced \omit.
\sp@n ->\span \omit 
                    \advance \@multicnt \m@ne 
l.354 ...n{6}{c}{\textbf{Federated Learning (FL)}}
                                                   \\
I expect to see \omit only after tab marks or the \cr of
an alignment. Proceed, and I'll ignore this case.

./chapters/chuong4.tex:354: Misplaced \span.
\sp@n ->\span 
              \omit \advance \@multicnt \m@ne 
l.354 ...n{6}{c}{\textbf{Federated Learning (FL)}}
                                                   \\
I can't figure out why you would want to use a tab mark
or \cr or \span just now. If something like a right brace
up above has ended a previous alignment prematurely,
you're probably due for more error messages, and you
might try typing `S' now just to see what is salvageable.

./chapters/chuong4.tex:354: Misplaced \omit.
\sp@n ->\span \omit 
                    \advance \@multicnt \m@ne 
l.354 ...n{6}{c}{\textbf{Federated Learning (FL)}}
                                                   \\
I expect to see \omit only after tab marks or the \cr of
an alignment. Proceed, and I'll ignore this case.

./chapters/chuong4.tex:354: Misplaced \span.
\sp@n ->\span 
              \omit \advance \@multicnt \m@ne 
l.354 ...n{6}{c}{\textbf{Federated Learning (FL)}}
                                                   \\
I can't figure out why you would want to use a tab mark
or \cr or \span just now. If something like a right brace
up above has ended a previous alignment prematurely,
you're probably due for more error messages, and you
might try typing `S' now just to see what is salvageable.

./chapters/chuong4.tex:354: Misplaced \omit.
\sp@n ->\span \omit 
                    \advance \@multicnt \m@ne 
l.354 ...n{6}{c}{\textbf{Federated Learning (FL)}}
                                                   \\
I expect to see \omit only after tab marks or the \cr of
an alignment. Proceed, and I'll ignore this case.

./chapters/chuong4.tex:354: Misplaced \span.
\sp@n ->\span 
              \omit \advance \@multicnt \m@ne 
l.354 ...n{6}{c}{\textbf{Federated Learning (FL)}}
                                                   \\
I can't figure out why you would want to use a tab mark
or \cr or \span just now. If something like a right brace
up above has ended a previous alignment prematurely,
you're probably due for more error messages, and you
might try typing `S' now just to see what is salvageable.

./chapters/chuong4.tex:354: Misplaced \omit.
\sp@n ->\span \omit 
                    \advance \@multicnt \m@ne 
l.354 ...n{6}{c}{\textbf{Federated Learning (FL)}}
                                                   \\
I expect to see \omit only after tab marks or the \cr of
an alignment. Proceed, and I'll ignore this case.

./chapters/chuong4.tex:354: Misplaced \span.
\sp@n ->\span 
              \omit \advance \@multicnt \m@ne 
l.354 ...n{6}{c}{\textbf{Federated Learning (FL)}}
                                                   \\
I can't figure out why you would want to use a tab mark
or \cr or \span just now. If something like a right brace
up above has ended a previous alignment prematurely,
you're probably due for more error messages, and you
might try typing `S' now just to see what is salvageable.

./chapters/chuong4.tex:354: Misplaced \omit.
\sp@n ->\span \omit 
                    \advance \@multicnt \m@ne 
l.354 ...n{6}{c}{\textbf{Federated Learning (FL)}}
                                                   \\
I expect to see \omit only after tab marks or the \cr of
an alignment. Proceed, and I'll ignore this case.

./chapters/chuong4.tex:355: Misplaced \noalign.
\midrule ->\noalign 
                    {\ifnum 0=`}\fi \@aboverulesep =\aboverulesep \global \@...
l.355 \midrule
              
I expect to see \noalign only after the \cr of
an alignment. Proceed, and I'll ignore this case.

./chapters/chuong4.tex:356: Misplaced alignment tab character &.
l.356 FedAvg     &
                   \topone{0.9726} & \topone{0.5449} & \topone{0.6119} & \to...
I can't figure out why you would want to use a tab mark
here. If you just want an ampersand, the remedy is
simple: Just type `I\&' now. But if some right brace
up above has ended a previous alignment prematurely,
you're probably due for more error messages, and you
might try typing `S' now just to see what is salvageable.

./chapters/chuong4.tex:356: Misplaced alignment tab character &.
l.356 FedAvg     & \topone{0.9726} &
                                     \topone{0.5449} & \topone{0.6119} & \to...
I can't figure out why you would want to use a tab mark
here. If you just want an ampersand, the remedy is
simple: Just type `I\&' now. But if some right brace
up above has ended a previous alignment prematurely,
you're probably due for more error messages, and you
might try typing `S' now just to see what is salvageable.

./chapters/chuong4.tex:356: Misplaced alignment tab character &.
l.356 ...    & \topone{0.9726} & \topone{0.5449} &
                                                   \topone{0.6119} & \topone...
I can't figure out why you would want to use a tab mark
here. If you just want an ampersand, the remedy is
simple: Just type `I\&' now. But if some right brace
up above has ended a previous alignment prematurely,
you're probably due for more error messages, and you
might try typing `S' now just to see what is salvageable.

./chapters/chuong4.tex:356: Misplaced alignment tab character &.
l.356 ...26} & \topone{0.5449} & \topone{0.6119} &
                                                   \topone{0.5357} \\
I can't figure out why you would want to use a tab mark
here. If you just want an ampersand, the remedy is
simple: Just type `I\&' now. But if some right brace
up above has ended a previous alignment prematurely,
you're probably due for more error messages, and you
might try typing `S' now just to see what is salvageable.

./chapters/chuong4.tex:357: Misplaced alignment tab character &.
l.357 FLAME      &
                   0.6889 & 0.4746 & \topthree{0.4846} & 0.4246 \\
I can't figure out why you would want to use a tab mark
here. If you just want an ampersand, the remedy is
simple: Just type `I\&' now. But if some right brace
up above has ended a previous alignment prematurely,
you're probably due for more error messages, and you
might try typing `S' now just to see what is salvageable.

./chapters/chuong4.tex:357: Misplaced alignment tab character &.
l.357 FLAME      & 0.6889 &
                            0.4746 & \topthree{0.4846} & 0.4246 \\
I can't figure out why you would want to use a tab mark
here. If you just want an ampersand, the remedy is
simple: Just type `I\&' now. But if some right brace
up above has ended a previous alignment prematurely,
you're probably due for more error messages, and you
might try typing `S' now just to see what is salvageable.

./chapters/chuong4.tex:357: Misplaced alignment tab character &.
l.357 FLAME      & 0.6889 & 0.4746 &
                                     \topthree{0.4846} & 0.4246 \\
I can't figure out why you would want to use a tab mark
here. If you just want an ampersand, the remedy is
simple: Just type `I\&' now. But if some right brace
up above has ended a previous alignment prematurely,
you're probably due for more error messages, and you
might try typing `S' now just to see what is salvageable.

./chapters/chuong4.tex:357: Misplaced alignment tab character &.
l.357 ...  & 0.6889 & 0.4746 & \topthree{0.4846} &
                                                   0.4246 \\
I can't figure out why you would want to use a tab mark
here. If you just want an ampersand, the remedy is
simple: Just type `I\&' now. But if some right brace
up above has ended a previous alignment prematurely,
you're probably due for more error messages, and you
might try typing `S' now just to see what is salvageable.

./chapters/chuong4.tex:358: Misplaced \noalign.
\bottomrule ->\noalign 
                       {\ifnum 0=`}\fi \@aboverulesep =\aboverulesep \global...
l.358 \bottomrule
                 
I expect to see \noalign only after the \cr of
an alignment. Proceed, and I'll ignore this case.


./chapters/chuong4.tex:359: LaTeX Error: \begin{table} on input line 338 ended by \end{tabularx}.

See the LaTeX manual or LaTeX Companion for explanation.
Type  H <return>  for immediate help.
 ...                                              
                                                  
l.359 \end{tabularx}
                    
Your command was ignored.
Type  I <command> <return>  to replace it with another command,
or  <return>  to continue without it.


./chapters/chuong4.tex:367: LaTeX Error: Environment tabularx undefined.

See the LaTeX manual or LaTeX Companion for explanation.
Type  H <return>  for immediate help.
 ...                                              
                                                  
l.367 \begin{tabularx}
                      {\textwidth}{lccccX}
Your command was ignored.
Type  I <command> <return>  to replace it with another command,
or  <return>  to continue without it.

./chapters/chuong4.tex:367: Missing number, treated as zero.
<to be read again> 
                   }
l.367 \begin{tabularx}{\textwidth}
                                  {lccccX}
A number should have been here; I inserted `0'.
(If you can't figure out why I needed to see a number,
look up `weird error' in the index to The TeXbook.)

./chapters/chuong4.tex:367: Illegal unit of measure (pt inserted).
<to be read again> 
                   }
l.367 \begin{tabularx}{\textwidth}
                                  {lccccX}
Dimensions can be in units of em, ex, in, pt, pc,
cm, mm, dd, cc, bp, or sp; but yours is a new one!
I'll assume that you meant to say pt, for printer's points.
To recover gracefully from this error, it's best to
delete the erroneous units; e.g., type `2' to delete
two letters. (See Chapter 27 of The TeXbook.)

./chapters/chuong4.tex:368: Misplaced \noalign.
\toprule ->\noalign 
                    {\ifnum 0=`}\fi \@aboverulesep =\abovetopsep \global \@b...
l.368 \toprule
              
I expect to see \noalign only after the \cr of
an alignment. Proceed, and I'll ignore this case.

./chapters/chuong4.tex:369: Misplaced alignment tab character &.
l.369 \textbf{Phương pháp} &
                             \textbf{Acc} & \textbf{Recall (macro)} & \textb...
I can't figure out why you would want to use a tab mark
here. If you just want an ampersand, the remedy is
simple: Just type `I\&' now. But if some right brace
up above has ended a previous alignment prematurely,
you're probably due for more error messages, and you
might try typing `S' now just to see what is salvageable.

./chapters/chuong4.tex:369: Misplaced alignment tab character &.
l.369 \textbf{Phương pháp} & \textbf{Acc} &
                                            \textbf{Recall (macro)} & \textb...
I can't figure out why you would want to use a tab mark
here. If you just want an ampersand, the remedy is
simple: Just type `I\&' now. But if some right brace
up above has ended a previous alignment prematurely,
you're probably due for more error messages, and you
might try typing `S' now just to see what is salvageable.

./chapters/chuong4.tex:369: Misplaced alignment tab character &.
l.369 ... \textbf{Acc} & \textbf{Recall (macro)} &
                                                   \textbf{Precision (macro)...
I can't figure out why you would want to use a tab mark
here. If you just want an ampersand, the remedy is
simple: Just type `I\&' now. But if some right brace
up above has ended a previous alignment prematurely,
you're probably due for more error messages, and you
might try typing `S' now just to see what is salvageable.

./chapters/chuong4.tex:369: Misplaced alignment tab character &.
l.369 ...l (macro)} & \textbf{Precision (macro)} &
                                                   \textbf{F1 (macro)} \\
I can't figure out why you would want to use a tab mark
here. If you just want an ampersand, the remedy is
simple: Just type `I\&' now. But if some right brace
up above has ended a previous alignment prematurely,
you're probably due for more error messages, and you
might try typing `S' now just to see what is salvageable.

./chapters/chuong4.tex:370: Misplaced \noalign.
\midrule ->\noalign 
                    {\ifnum 0=`}\fi \@aboverulesep =\aboverulesep \global \@...
l.370 \midrule
              
I expect to see \noalign only after the \cr of
an alignment. Proceed, and I'll ignore this case.

./chapters/chuong4.tex:371: Misplaced alignment tab character &.
l.371 Đề xuất           &
                          \toptwo{0.9281} & \toptwo{0.4965} & \toptwo{0.4781...
I can't figure out why you would want to use a tab mark
here. If you just want an ampersand, the remedy is
simple: Just type `I\&' now. But if some right brace
up above has ended a previous alignment prematurely,
you're probably due for more error messages, and you
might try typing `S' now just to see what is salvageable.

./chapters/chuong4.tex:371: Misplaced alignment tab character &.
l.371 Đề xuất           & \toptwo{0.9281} &
                                            \toptwo{0.4965} & \toptwo{0.4781...
I can't figure out why you would want to use a tab mark
here. If you just want an ampersand, the remedy is
simple: Just type `I\&' now. But if some right brace
up above has ended a previous alignment prematurely,
you're probably due for more error messages, and you
might try typing `S' now just to see what is salvageable.

./chapters/chuong4.tex:371: Misplaced alignment tab character &.
l.371 ...    & \toptwo{0.9281} & \toptwo{0.4965} &
                                                   \toptwo{0.4781} & \toptwo...
I can't figure out why you would want to use a tab mark
here. If you just want an ampersand, the remedy is
simple: Just type `I\&' now. But if some right brace
up above has ended a previous alignment prematurely,
you're probably due for more error messages, and you
might try typing `S' now just to see what is salvageable.

./chapters/chuong4.tex:371: Misplaced alignment tab character &.
l.371 ...81} & \toptwo{0.4965} & \toptwo{0.4781} &
                                                   \toptwo{0.4675} \\
I can't figure out why you would want to use a tab mark
here. If you just want an ampersand, the remedy is
simple: Just type `I\&' now. But if some right brace
up above has ended a previous alignment prematurely,
you're probably due for more error messages, and you
might try typing `S' now just to see what is salvageable.

./chapters/chuong4.tex:372: Misplaced alignment tab character &.
l.372 SSFL-IDS          &
                          \topone{0.951} & \topone{0.5057} & \topone{0.485} ...
I can't figure out why you would want to use a tab mark
here. If you just want an ampersand, the remedy is
simple: Just type `I\&' now. But if some right brace
up above has ended a previous alignment prematurely,
you're probably due for more error messages, and you
might try typing `S' now just to see what is salvageable.

./chapters/chuong4.tex:372: Misplaced alignment tab character &.
l.372 SSFL-IDS          & \topone{0.951} &
                                           \topone{0.5057} & \topone{0.485} ...
I can't figure out why you would want to use a tab mark
here. If you just want an ampersand, the remedy is
simple: Just type `I\&' now. But if some right brace
up above has ended a previous alignment prematurely,
you're probably due for more error messages, and you
might try typing `S' now just to see what is salvageable.

./chapters/chuong4.tex:372: Misplaced alignment tab character &.
l.372 ...     & \topone{0.951} & \topone{0.5057} &
                                                   \topone{0.485} & \topone{...
I can't figure out why you would want to use a tab mark
here. If you just want an ampersand, the remedy is
simple: Just type `I\&' now. But if some right brace
up above has ended a previous alignment prematurely,
you're probably due for more error messages, and you
might try typing `S' now just to see what is salvageable.

./chapters/chuong4.tex:372: Misplaced alignment tab character &.
l.372 ...951} & \topone{0.5057} & \topone{0.485} &
                                                   \topone{0.4878} \\
I can't figure out why you would want to use a tab mark
here. If you just want an ampersand, the remedy is
simple: Just type `I\&' now. But if some right brace
up above has ended a previous alignment prematurely,
you're probably due for more error messages, and you
might try typing `S' now just to see what is salvageable.

./chapters/chuong4.tex:373: Misplaced alignment tab character &.
l.373 FedKD-IDS         &
                          \topthree{0.822} & \topthree{0.4598} & \topthree{0...
I can't figure out why you would want to use a tab mark
here. If you just want an ampersand, the remedy is
simple: Just type `I\&' now. But if some right brace
up above has ended a previous alignment prematurely,
you're probably due for more error messages, and you
might try typing `S' now just to see what is salvageable.

./chapters/chuong4.tex:373: Misplaced alignment tab character &.
l.373 FedKD-IDS         & \topthree{0.822} &
                                             \topthree{0.4598} & \topthree{0...
I can't figure out why you would want to use a tab mark
here. If you just want an ampersand, the remedy is
simple: Just type `I\&' now. But if some right brace
up above has ended a previous alignment prematurely,
you're probably due for more error messages, and you
might try typing `S' now just to see what is salvageable.

./chapters/chuong4.tex:373: Misplaced alignment tab character &.
l.373 ... & \topthree{0.822} & \topthree{0.4598} &
                                                   \topthree{0.427} & \topth...
I can't figure out why you would want to use a tab mark
here. If you just want an ampersand, the remedy is
simple: Just type `I\&' now. But if some right brace
up above has ended a previous alignment prematurely,
you're probably due for more error messages, and you
might try typing `S' now just to see what is salvageable.

./chapters/chuong4.tex:373: Misplaced alignment tab character &.
l.373 ... & \topthree{0.4598} & \topthree{0.427} &
                                                   \topthree{0.4259} \\
I can't figure out why you would want to use a tab mark
here. If you just want an ampersand, the remedy is
simple: Just type `I\&' now. But if some right brace
up above has ended a previous alignment prematurely,
you're probably due for more error messages, and you
might try typing `S' now just to see what is salvageable.

./chapters/chuong4.tex:374: Misplaced alignment tab character &.
l.374 FedProto          &
                          0.5263 & 0.3137 & 0.2055 & 0.2178 \\
I can't figure out why you would want to use a tab mark
here. If you just want an ampersand, the remedy is
simple: Just type `I\&' now. But if some right brace
up above has ended a previous alignment prematurely,
you're probably due for more error messages, and you
might try typing `S' now just to see what is salvageable.

./chapters/chuong4.tex:374: Misplaced alignment tab character &.
l.374 FedProto          & 0.5263 &
                                   0.3137 & 0.2055 & 0.2178 \\
I can't figure out why you would want to use a tab mark
here. If you just want an ampersand, the remedy is
simple: Just type `I\&' now. But if some right brace
up above has ended a previous alignment prematurely,
you're probably due for more error messages, and you
might try typing `S' now just to see what is salvageable.

./chapters/chuong4.tex:374: Misplaced alignment tab character &.
l.374 FedProto          & 0.5263 & 0.3137 &
                                            0.2055 & 0.2178 \\
I can't figure out why you would want to use a tab mark
here. If you just want an ampersand, the remedy is
simple: Just type `I\&' now. But if some right brace
up above has ended a previous alignment prematurely,
you're probably due for more error messages, and you
might try typing `S' now just to see what is salvageable.

./chapters/chuong4.tex:374: Misplaced alignment tab character &.
l.374 ...oto          & 0.5263 & 0.3137 & 0.2055 &
                                                   0.2178 \\
I can't figure out why you would want to use a tab mark
here. If you just want an ampersand, the remedy is
simple: Just type `I\&' now. But if some right brace
up above has ended a previous alignment prematurely,
you're probably due for more error messages, and you
might try typing `S' now just to see what is salvageable.

./chapters/chuong4.tex:375: Misplaced \noalign.
\bottomrule ->\noalign 
                       {\ifnum 0=`}\fi \@aboverulesep =\aboverulesep \global...
l.375 \bottomrule
                 
I expect to see \noalign only after the \cr of
an alignment. Proceed, and I'll ignore this case.


./chapters/chuong4.tex:376: LaTeX Error: \begin{table} on input line 362 ended by \end{tabularx}.

See the LaTeX manual or LaTeX Companion for explanation.
Type  H <return>  for immediate help.
 ...                                              
                                                  
l.376 \end{tabularx}
                    
Your command was ignored.
Type  I <command> <return>  to replace it with another command,
or  <return>  to continue without it.


./chapters/chuong4.tex:386: LaTeX Error: Environment tabularx undefined.

See the LaTeX manual or LaTeX Companion for explanation.
Type  H <return>  for immediate help.
 ...                                              
                                                  
l.386 \begin{tabularx}
                      {\textwidth}{lccccX}
Your command was ignored.
Type  I <command> <return>  to replace it with another command,
or  <return>  to continue without it.

./chapters/chuong4.tex:386: Missing number, treated as zero.
<to be read again> 
                   }
l.386 \begin{tabularx}{\textwidth}
                                  {lccccX}
A number should have been here; I inserted `0'.
(If you can't figure out why I needed to see a number,
look up `weird error' in the index to The TeXbook.)

./chapters/chuong4.tex:386: Illegal unit of measure (pt inserted).
<to be read again> 
                   }
l.386 \begin{tabularx}{\textwidth}
                                  {lccccX}
Dimensions can be in units of em, ex, in, pt, pc,
cm, mm, dd, cc, bp, or sp; but yours is a new one!
I'll assume that you meant to say pt, for printer's points.
To recover gracefully from this error, it's best to
delete the erroneous units; e.g., type `2' to delete
two letters. (See Chapter 27 of The TeXbook.)

./chapters/chuong4.tex:387: Misplaced \noalign.
\toprule ->\noalign 
                    {\ifnum 0=`}\fi \@aboverulesep =\abovetopsep \global \@b...
l.387 \toprule
              
I expect to see \noalign only after the \cr of
an alignment. Proceed, and I'll ignore this case.

./chapters/chuong4.tex:388: Misplaced alignment tab character &.
l.388 \textbf{Phương pháp} &
                             \textbf{Acc} & \textbf{Recall (macro)} & \textb...
I can't figure out why you would want to use a tab mark
here. If you just want an ampersand, the remedy is
simple: Just type `I\&' now. But if some right brace
up above has ended a previous alignment prematurely,
you're probably due for more error messages, and you
might try typing `S' now just to see what is salvageable.

./chapters/chuong4.tex:388: Misplaced alignment tab character &.
l.388 \textbf{Phương pháp} & \textbf{Acc} &
                                            \textbf{Recall (macro)} & \textb...
I can't figure out why you would want to use a tab mark
here. If you just want an ampersand, the remedy is
simple: Just type `I\&' now. But if some right brace
up above has ended a previous alignment prematurely,
you're probably due for more error messages, and you
might try typing `S' now just to see what is salvageable.

./chapters/chuong4.tex:388: Misplaced alignment tab character &.
l.388 ... \textbf{Acc} & \textbf{Recall (macro)} &
                                                   \textbf{Precision (macro)...
I can't figure out why you would want to use a tab mark
here. If you just want an ampersand, the remedy is
simple: Just type `I\&' now. But if some right brace
up above has ended a previous alignment prematurely,
you're probably due for more error messages, and you
might try typing `S' now just to see what is salvageable.

./chapters/chuong4.tex:388: Misplaced alignment tab character &.
l.388 ...l (macro)} & \textbf{Precision (macro)} &
                                                   \textbf{F1 (macro)} \\
I can't figure out why you would want to use a tab mark
here. If you just want an ampersand, the remedy is
simple: Just type `I\&' now. But if some right brace
up above has ended a previous alignment prematurely,
you're probably due for more error messages, and you
might try typing `S' now just to see what is salvageable.

./chapters/chuong4.tex:389: Misplaced \noalign.
\midrule ->\noalign 
                    {\ifnum 0=`}\fi \@aboverulesep =\aboverulesep \global \@...
l.389 \midrule
              
I expect to see \noalign only after the \cr of
an alignment. Proceed, and I'll ignore this case.

./chapters/chuong4.tex:390: Misplaced \omit.
\multispan ->\omit 
                   \@multispan 
l.390 ...{c}{\textbf{Federated Distillation (FD)}}
                                                   \\
I expect to see \omit only after tab marks or the \cr of
an alignment. Proceed, and I'll ignore this case.

./chapters/chuong4.tex:390: Misplaced \span.
\sp@n ->\span 
              \omit \advance \@multicnt \m@ne 
l.390 ...{c}{\textbf{Federated Distillation (FD)}}
                                                   \\
I can't figure out why you would want to use a tab mark
or \cr or \span just now. If something like a right brace
up above has ended a previous alignment prematurely,
you're probably due for more error messages, and you
might try typing `S' now just to see what is salvageable.

./chapters/chuong4.tex:390: Misplaced \omit.
\sp@n ->\span \omit 
                    \advance \@multicnt \m@ne 
l.390 ...{c}{\textbf{Federated Distillation (FD)}}
                                                   \\
I expect to see \omit only after tab marks or the \cr of
an alignment. Proceed, and I'll ignore this case.

./chapters/chuong4.tex:390: Misplaced \span.
\sp@n ->\span 
              \omit \advance \@multicnt \m@ne 
l.390 ...{c}{\textbf{Federated Distillation (FD)}}
                                                   \\
I can't figure out why you would want to use a tab mark
or \cr or \span just now. If something like a right brace
up above has ended a previous alignment prematurely,
you're probably due for more error messages, and you
might try typing `S' now just to see what is salvageable.

./chapters/chuong4.tex:390: Misplaced \omit.
\sp@n ->\span \omit 
                    \advance \@multicnt \m@ne 
l.390 ...{c}{\textbf{Federated Distillation (FD)}}
                                                   \\
I expect to see \omit only after tab marks or the \cr of
an alignment. Proceed, and I'll ignore this case.

./chapters/chuong4.tex:390: Misplaced \span.
\sp@n ->\span 
              \omit \advance \@multicnt \m@ne 
l.390 ...{c}{\textbf{Federated Distillation (FD)}}
                                                   \\
I can't figure out why you would want to use a tab mark
or \cr or \span just now. If something like a right brace
up above has ended a previous alignment prematurely,
you're probably due for more error messages, and you
might try typing `S' now just to see what is salvageable.

./chapters/chuong4.tex:390: Misplaced \omit.
\sp@n ->\span \omit 
                    \advance \@multicnt \m@ne 
l.390 ...{c}{\textbf{Federated Distillation (FD)}}
                                                   \\
I expect to see \omit only after tab marks or the \cr of
an alignment. Proceed, and I'll ignore this case.

./chapters/chuong4.tex:390: Misplaced \span.
\sp@n ->\span 
              \omit \advance \@multicnt \m@ne 
l.390 ...{c}{\textbf{Federated Distillation (FD)}}
                                                   \\
I can't figure out why you would want to use a tab mark
or \cr or \span just now. If something like a right brace
up above has ended a previous alignment prematurely,
you're probably due for more error messages, and you
might try typing `S' now just to see what is salvageable.

./chapters/chuong4.tex:390: Misplaced \omit.
\sp@n ->\span \omit 
                    \advance \@multicnt \m@ne 
l.390 ...{c}{\textbf{Federated Distillation (FD)}}
                                                   \\
I expect to see \omit only after tab marks or the \cr of
an alignment. Proceed, and I'll ignore this case.

./chapters/chuong4.tex:390: Misplaced \span.
\sp@n ->\span 
              \omit \advance \@multicnt \m@ne 
l.390 ...{c}{\textbf{Federated Distillation (FD)}}
                                                   \\
I can't figure out why you would want to use a tab mark
or \cr or \span just now. If something like a right brace
up above has ended a previous alignment prematurely,
you're probably due for more error messages, and you
might try typing `S' now just to see what is salvageable.

./chapters/chuong4.tex:390: Misplaced \omit.
\sp@n ->\span \omit 
                    \advance \@multicnt \m@ne 
l.390 ...{c}{\textbf{Federated Distillation (FD)}}
                                                   \\
I expect to see \omit only after tab marks or the \cr of
an alignment. Proceed, and I'll ignore this case.

./chapters/chuong4.tex:391: Misplaced \noalign.
\midrule ->\noalign 
                    {\ifnum 0=`}\fi \@aboverulesep =\aboverulesep \global \@...
l.391 \midrule
              
I expect to see \noalign only after the \cr of
an alignment. Proceed, and I'll ignore this case.

./chapters/chuong4.tex:392: Misplaced alignment tab character &.
l.392 Đề xuất           &
                          \topone{0.9554} & \topone{0.5250} & \topone{0.5024...
I can't figure out why you would want to use a tab mark
here. If you just want an ampersand, the remedy is
simple: Just type `I\&' now. But if some right brace
up above has ended a previous alignment prematurely,
you're probably due for more error messages, and you
might try typing `S' now just to see what is salvageable.

./chapters/chuong4.tex:392: Misplaced alignment tab character &.
l.392 Đề xuất           & \topone{0.9554} &
                                            \topone{0.5250} & \topone{0.5024...
I can't figure out why you would want to use a tab mark
here. If you just want an ampersand, the remedy is
simple: Just type `I\&' now. But if some right brace
up above has ended a previous alignment prematurely,
you're probably due for more error messages, and you
might try typing `S' now just to see what is salvageable.

./chapters/chuong4.tex:392: Misplaced alignment tab character &.
l.392 ...    & \topone{0.9554} & \topone{0.5250} &
                                                   \topone{0.5024} & \topone...
I can't figure out why you would want to use a tab mark
here. If you just want an ampersand, the remedy is
simple: Just type `I\&' now. But if some right brace
up above has ended a previous alignment prematurely,
you're probably due for more error messages, and you
might try typing `S' now just to see what is salvageable.

./chapters/chuong4.tex:392: Misplaced alignment tab character &.
l.392 ...54} & \topone{0.5250} & \topone{0.5024} &
                                                   \topone{0.5063} \\
I can't figure out why you would want to use a tab mark
here. If you just want an ampersand, the remedy is
simple: Just type `I\&' now. But if some right brace
up above has ended a previous alignment prematurely,
you're probably due for more error messages, and you
might try typing `S' now just to see what is salvageable.

./chapters/chuong4.tex:393: Misplaced alignment tab character &.
l.393 SSFL-IDS          &
                          0.0061 & 0.0294 & 0.0002 & 0.0004 \\
I can't figure out why you would want to use a tab mark
here. If you just want an ampersand, the remedy is
simple: Just type `I\&' now. But if some right brace
up above has ended a previous alignment prematurely,
you're probably due for more error messages, and you
might try typing `S' now just to see what is salvageable.

./chapters/chuong4.tex:393: Misplaced alignment tab character &.
l.393 SSFL-IDS          & 0.0061 &
                                   0.0294 & 0.0002 & 0.0004 \\
I can't figure out why you would want to use a tab mark
here. If you just want an ampersand, the remedy is
simple: Just type `I\&' now. But if some right brace
up above has ended a previous alignment prematurely,
you're probably due for more error messages, and you
might try typing `S' now just to see what is salvageable.

./chapters/chuong4.tex:393: Misplaced alignment tab character &.
l.393 SSFL-IDS          & 0.0061 & 0.0294 &
                                            0.0002 & 0.0004 \\
I can't figure out why you would want to use a tab mark
here. If you just want an ampersand, the remedy is
simple: Just type `I\&' now. But if some right brace
up above has ended a previous alignment prematurely,
you're probably due for more error messages, and you
might try typing `S' now just to see what is salvageable.

./chapters/chuong4.tex:393: Misplaced alignment tab character &.
l.393 ...IDS          & 0.0061 & 0.0294 & 0.0002 &
                                                   0.0004 \\
I can't figure out why you would want to use a tab mark
here. If you just want an ampersand, the remedy is
simple: Just type `I\&' now. But if some right brace
up above has ended a previous alignment prematurely,
you're probably due for more error messages, and you
might try typing `S' now just to see what is salvageable.

./chapters/chuong4.tex:394: Misplaced alignment tab character &.
l.394 FedKD-IDS         &
                          \topthree{0.7173} & \topthree{0.3043} & \topthree{...
I can't figure out why you would want to use a tab mark
here. If you just want an ampersand, the remedy is
simple: Just type `I\&' now. But if some right brace
up above has ended a previous alignment prematurely,
you're probably due for more error messages, and you
might try typing `S' now just to see what is salvageable.

./chapters/chuong4.tex:394: Misplaced alignment tab character &.
l.394 FedKD-IDS         & \topthree{0.7173} &
                                              \topthree{0.3043} & \topthree{...
I can't figure out why you would want to use a tab mark
here. If you just want an ampersand, the remedy is
simple: Just type `I\&' now. But if some right brace
up above has ended a previous alignment prematurely,
you're probably due for more error messages, and you
might try typing `S' now just to see what is salvageable.

./chapters/chuong4.tex:394: Misplaced alignment tab character &.
l.394 ...& \topthree{0.7173} & \topthree{0.3043} &
                                                   \topthree{0.2583} & \topt...
I can't figure out why you would want to use a tab mark
here. If you just want an ampersand, the remedy is
simple: Just type `I\&' now. But if some right brace
up above has ended a previous alignment prematurely,
you're probably due for more error messages, and you
might try typing `S' now just to see what is salvageable.

./chapters/chuong4.tex:394: Misplaced alignment tab character &.
l.394 ...& \topthree{0.3043} & \topthree{0.2583} &
                                                   \topthree{0.2570} \\
I can't figure out why you would want to use a tab mark
here. If you just want an ampersand, the remedy is
simple: Just type `I\&' now. But if some right brace
up above has ended a previous alignment prematurely,
you're probably due for more error messages, and you
might try typing `S' now just to see what is salvageable.

./chapters/chuong4.tex:395: Misplaced alignment tab character &.
l.395 FedProto          &
                          0.1508 & 0.0573 & 0.0168 & 0.0213 \\
I can't figure out why you would want to use a tab mark
here. If you just want an ampersand, the remedy is
simple: Just type `I\&' now. But if some right brace
up above has ended a previous alignment prematurely,
you're probably due for more error messages, and you
might try typing `S' now just to see what is salvageable.

./chapters/chuong4.tex:395: Misplaced alignment tab character &.
l.395 FedProto          & 0.1508 &
                                   0.0573 & 0.0168 & 0.0213 \\
I can't figure out why you would want to use a tab mark
here. If you just want an ampersand, the remedy is
simple: Just type `I\&' now. But if some right brace
up above has ended a previous alignment prematurely,
you're probably due for more error messages, and you
might try typing `S' now just to see what is salvageable.

./chapters/chuong4.tex:395: Misplaced alignment tab character &.
l.395 FedProto          & 0.1508 & 0.0573 &
                                            0.0168 & 0.0213 \\
I can't figure out why you would want to use a tab mark
here. If you just want an ampersand, the remedy is
simple: Just type `I\&' now. But if some right brace
up above has ended a previous alignment prematurely,
you're probably due for more error messages, and you
might try typing `S' now just to see what is salvageable.

./chapters/chuong4.tex:395: Misplaced alignment tab character &.
l.395 ...oto          & 0.1508 & 0.0573 & 0.0168 &
                                                   0.0213 \\
I can't figure out why you would want to use a tab mark
here. If you just want an ampersand, the remedy is
simple: Just type `I\&' now. But if some right brace
up above has ended a previous alignment prematurely,
you're probably due for more error messages, and you
might try typing `S' now just to see what is salvageable.

./chapters/chuong4.tex:396: Misplaced \noalign.
\midrule ->\noalign 
                    {\ifnum 0=`}\fi \@aboverulesep =\aboverulesep \global \@...
l.396 \midrule
              
I expect to see \noalign only after the \cr of
an alignment. Proceed, and I'll ignore this case.

./chapters/chuong4.tex:397: Misplaced \omit.
\multispan ->\omit 
                   \@multispan 
l.397 ...n{6}{c}{\textbf{Federated Learning (FL)}}
                                                   \\
I expect to see \omit only after tab marks or the \cr of
an alignment. Proceed, and I'll ignore this case.

./chapters/chuong4.tex:397: Misplaced \span.
\sp@n ->\span 
              \omit \advance \@multicnt \m@ne 
l.397 ...n{6}{c}{\textbf{Federated Learning (FL)}}
                                                   \\
I can't figure out why you would want to use a tab mark
or \cr or \span just now. If something like a right brace
up above has ended a previous alignment prematurely,
you're probably due for more error messages, and you
might try typing `S' now just to see what is salvageable.

./chapters/chuong4.tex:397: Misplaced \omit.
\sp@n ->\span \omit 
                    \advance \@multicnt \m@ne 
l.397 ...n{6}{c}{\textbf{Federated Learning (FL)}}
                                                   \\
I expect to see \omit only after tab marks or the \cr of
an alignment. Proceed, and I'll ignore this case.

./chapters/chuong4.tex:397: Misplaced \span.
\sp@n ->\span 
              \omit \advance \@multicnt \m@ne 
l.397 ...n{6}{c}{\textbf{Federated Learning (FL)}}
                                                   \\
I can't figure out why you would want to use a tab mark
or \cr or \span just now. If something like a right brace
up above has ended a previous alignment prematurely,
you're probably due for more error messages, and you
might try typing `S' now just to see what is salvageable.

./chapters/chuong4.tex:397: Misplaced \omit.
\sp@n ->\span \omit 
                    \advance \@multicnt \m@ne 
l.397 ...n{6}{c}{\textbf{Federated Learning (FL)}}
                                                   \\
I expect to see \omit only after tab marks or the \cr of
an alignment. Proceed, and I'll ignore this case.

./chapters/chuong4.tex:397: Misplaced \span.
\sp@n ->\span 
              \omit \advance \@multicnt \m@ne 
l.397 ...n{6}{c}{\textbf{Federated Learning (FL)}}
                                                   \\
I can't figure out why you would want to use a tab mark
or \cr or \span just now. If something like a right brace
up above has ended a previous alignment prematurely,
you're probably due for more error messages, and you
might try typing `S' now just to see what is salvageable.

./chapters/chuong4.tex:397: Misplaced \omit.
\sp@n ->\span \omit 
                    \advance \@multicnt \m@ne 
l.397 ...n{6}{c}{\textbf{Federated Learning (FL)}}
                                                   \\
I expect to see \omit only after tab marks or the \cr of
an alignment. Proceed, and I'll ignore this case.

./chapters/chuong4.tex:397: Misplaced \span.
\sp@n ->\span 
              \omit \advance \@multicnt \m@ne 
l.397 ...n{6}{c}{\textbf{Federated Learning (FL)}}
                                                   \\
I can't figure out why you would want to use a tab mark
or \cr or \span just now. If something like a right brace
up above has ended a previous alignment prematurely,
you're probably due for more error messages, and you
might try typing `S' now just to see what is salvageable.

./chapters/chuong4.tex:397: Misplaced \omit.
\sp@n ->\span \omit 
                    \advance \@multicnt \m@ne 
l.397 ...n{6}{c}{\textbf{Federated Learning (FL)}}
                                                   \\
I expect to see \omit only after tab marks or the \cr of
an alignment. Proceed, and I'll ignore this case.

./chapters/chuong4.tex:397: Misplaced \span.
\sp@n ->\span 
              \omit \advance \@multicnt \m@ne 
l.397 ...n{6}{c}{\textbf{Federated Learning (FL)}}
                                                   \\
I can't figure out why you would want to use a tab mark
or \cr or \span just now. If something like a right brace
up above has ended a previous alignment prematurely,
you're probably due for more error messages, and you
might try typing `S' now just to see what is salvageable.

./chapters/chuong4.tex:397: Misplaced \omit.
\sp@n ->\span \omit 
                    \advance \@multicnt \m@ne 
l.397 ...n{6}{c}{\textbf{Federated Learning (FL)}}
                                                   \\
I expect to see \omit only after tab marks or the \cr of
an alignment. Proceed, and I'll ignore this case.

./chapters/chuong4.tex:398: Misplaced \noalign.
\midrule ->\noalign 
                    {\ifnum 0=`}\fi \@aboverulesep =\aboverulesep \global \@...
l.398 \midrule
              
I expect to see \noalign only after the \cr of
an alignment. Proceed, and I'll ignore this case.

./chapters/chuong4.tex:399: Misplaced alignment tab character &.
l.399 FedAvg            &
                          0.0235 & 0.0294 & 0.0007 & 0.0014\\
I can't figure out why you would want to use a tab mark
here. If you just want an ampersand, the remedy is
simple: Just type `I\&' now. But if some right brace
up above has ended a previous alignment prematurely,
you're probably due for more error messages, and you
might try typing `S' now just to see what is salvageable.

./chapters/chuong4.tex:399: Misplaced alignment tab character &.
l.399 FedAvg            & 0.0235 &
                                   0.0294 & 0.0007 & 0.0014\\
I can't figure out why you would want to use a tab mark
here. If you just want an ampersand, the remedy is
simple: Just type `I\&' now. But if some right brace
up above has ended a previous alignment prematurely,
you're probably due for more error messages, and you
might try typing `S' now just to see what is salvageable.

./chapters/chuong4.tex:399: Misplaced alignment tab character &.
l.399 FedAvg            & 0.0235 & 0.0294 &
                                            0.0007 & 0.0014\\
I can't figure out why you would want to use a tab mark
here. If you just want an ampersand, the remedy is
simple: Just type `I\&' now. But if some right brace
up above has ended a previous alignment prematurely,
you're probably due for more error messages, and you
might try typing `S' now just to see what is salvageable.

./chapters/chuong4.tex:399: Misplaced alignment tab character &.
l.399 ...g            & 0.0235 & 0.0294 & 0.0007 &
                                                   0.0014\\
I can't figure out why you would want to use a tab mark
here. If you just want an ampersand, the remedy is
simple: Just type `I\&' now. But if some right brace
up above has ended a previous alignment prematurely,
you're probably due for more error messages, and you
might try typing `S' now just to see what is salvageable.

./chapters/chuong4.tex:400: Misplaced alignment tab character &.
l.400 FLAME             &
                          \toptwo{0.7292} & \toptwo{0.4237} & \toptwo{0.4576...
I can't figure out why you would want to use a tab mark
here. If you just want an ampersand, the remedy is
simple: Just type `I\&' now. But if some right brace
up above has ended a previous alignment prematurely,
you're probably due for more error messages, and you
might try typing `S' now just to see what is salvageable.

./chapters/chuong4.tex:400: Misplaced alignment tab character &.
l.400 FLAME             & \toptwo{0.7292} &
                                            \toptwo{0.4237} & \toptwo{0.4576...
I can't figure out why you would want to use a tab mark
here. If you just want an ampersand, the remedy is
simple: Just type `I\&' now. But if some right brace
up above has ended a previous alignment prematurely,
you're probably due for more error messages, and you
might try typing `S' now just to see what is salvageable.

./chapters/chuong4.tex:400: Misplaced alignment tab character &.
l.400 ...    & \toptwo{0.7292} & \toptwo{0.4237} &
                                                   \toptwo{0.4576} & \toptwo...
I can't figure out why you would want to use a tab mark
here. If you just want an ampersand, the remedy is
simple: Just type `I\&' now. But if some right brace
up above has ended a previous alignment prematurely,
you're probably due for more error messages, and you
might try typing `S' now just to see what is salvageable.

./chapters/chuong4.tex:400: Misplaced alignment tab character &.
l.400 ...92} & \toptwo{0.4237} & \toptwo{0.4576} &
                                                   \toptwo{0.3808} \\
I can't figure out why you would want to use a tab mark
here. If you just want an ampersand, the remedy is
simple: Just type `I\&' now. But if some right brace
up above has ended a previous alignment prematurely,
you're probably due for more error messages, and you
might try typing `S' now just to see what is salvageable.

./chapters/chuong4.tex:401: Misplaced \noalign.
\bottomrule ->\noalign 
                       {\ifnum 0=`}\fi \@aboverulesep =\aboverulesep \global...
l.401 \bottomrule
                 
I expect to see \noalign only after the \cr of
an alignment. Proceed, and I'll ignore this case.


./chapters/chuong4.tex:402: LaTeX Error: \begin{table} on input line 381 ended by \end{tabularx}.

See the LaTeX manual or LaTeX Companion for explanation.
Type  H <return>  for immediate help.
 ...                                              
                                                  
l.402 \end{tabularx}
                    
Your command was ignored.
Type  I <command> <return>  to replace it with another command,
or  <return>  to continue without it.




Package fancyhdr Warning: \headheight is too small (15.5pt): 
(fancyhdr)                Make it at least 17.7352pt, for example:
(fancyhdr)                \setlength{\headheight}{17.7352pt}.
(fancyhdr)                You might also make \topmargin smaller:
(fancyhdr)                \addtolength{\topmargin}{-2.2352pt}.

[43]

./chapters/chuong4.tex:410: LaTeX Error: Environment tabularx undefined.

See the LaTeX manual or LaTeX Companion for explanation.
Type  H <return>  for immediate help.
 ...                                              
                                                  
l.410 \begin{tabularx}
                      {\textwidth}{lccccX}
Your command was ignored.
Type  I <command> <return>  to replace it with another command,
or  <return>  to continue without it.

./chapters/chuong4.tex:410: Missing number, treated as zero.
<to be read again> 
                   }
l.410 \begin{tabularx}{\textwidth}
                                  {lccccX}
A number should have been here; I inserted `0'.
(If you can't figure out why I needed to see a number,
look up `weird error' in the index to The TeXbook.)

./chapters/chuong4.tex:410: Illegal unit of measure (pt inserted).
<to be read again> 
                   }
l.410 \begin{tabularx}{\textwidth}
                                  {lccccX}
Dimensions can be in units of em, ex, in, pt, pc,
cm, mm, dd, cc, bp, or sp; but yours is a new one!
I'll assume that you meant to say pt, for printer's points.
To recover gracefully from this error, it's best to
delete the erroneous units; e.g., type `2' to delete
two letters. (See Chapter 27 of The TeXbook.)

./chapters/chuong4.tex:411: Misplaced \noalign.
\toprule ->\noalign 
                    {\ifnum 0=`}\fi \@aboverulesep =\abovetopsep \global \@b...
l.411 \toprule
              
I expect to see \noalign only after the \cr of
an alignment. Proceed, and I'll ignore this case.

./chapters/chuong4.tex:412: Misplaced alignment tab character &.
l.412 \textbf{Phương pháp} &
                             \textbf{Acc} & \textbf{Recall (macro)} & \textb...
I can't figure out why you would want to use a tab mark
here. If you just want an ampersand, the remedy is
simple: Just type `I\&' now. But if some right brace
up above has ended a previous alignment prematurely,
you're probably due for more error messages, and you
might try typing `S' now just to see what is salvageable.

./chapters/chuong4.tex:412: Misplaced alignment tab character &.
l.412 \textbf{Phương pháp} & \textbf{Acc} &
                                            \textbf{Recall (macro)} & \textb...
I can't figure out why you would want to use a tab mark
here. If you just want an ampersand, the remedy is
simple: Just type `I\&' now. But if some right brace
up above has ended a previous alignment prematurely,
you're probably due for more error messages, and you
might try typing `S' now just to see what is salvageable.

./chapters/chuong4.tex:412: Misplaced alignment tab character &.
l.412 ... \textbf{Acc} & \textbf{Recall (macro)} &
                                                   \textbf{Precision (macro)...
I can't figure out why you would want to use a tab mark
here. If you just want an ampersand, the remedy is
simple: Just type `I\&' now. But if some right brace
up above has ended a previous alignment prematurely,
you're probably due for more error messages, and you
might try typing `S' now just to see what is salvageable.

./chapters/chuong4.tex:412: Misplaced alignment tab character &.
l.412 ...l (macro)} & \textbf{Precision (macro)} &
                                                   \textbf{F1 (macro)} \\
I can't figure out why you would want to use a tab mark
here. If you just want an ampersand, the remedy is
simple: Just type `I\&' now. But if some right brace
up above has ended a previous alignment prematurely,
you're probably due for more error messages, and you
might try typing `S' now just to see what is salvageable.

./chapters/chuong4.tex:413: Misplaced \noalign.
\midrule ->\noalign 
                    {\ifnum 0=`}\fi \@aboverulesep =\aboverulesep \global \@...
l.413 \midrule
              
I expect to see \noalign only after the \cr of
an alignment. Proceed, and I'll ignore this case.

./chapters/chuong4.tex:414: Misplaced alignment tab character &.
l.414 Đề xuất           &
                          \topone{0.918} & \topone{0.4739} & \topone{0.4636}...
I can't figure out why you would want to use a tab mark
here. If you just want an ampersand, the remedy is
simple: Just type `I\&' now. But if some right brace
up above has ended a previous alignment prematurely,
you're probably due for more error messages, and you
might try typing `S' now just to see what is salvageable.

./chapters/chuong4.tex:414: Misplaced alignment tab character &.
l.414 Đề xuất           & \topone{0.918} &
                                           \topone{0.4739} & \topone{0.4636}...
I can't figure out why you would want to use a tab mark
here. If you just want an ampersand, the remedy is
simple: Just type `I\&' now. But if some right brace
up above has ended a previous alignment prematurely,
you're probably due for more error messages, and you
might try typing `S' now just to see what is salvageable.

./chapters/chuong4.tex:414: Misplaced alignment tab character &.
l.414 ...     & \topone{0.918} & \topone{0.4739} &
                                                   \topone{0.4636} & \topone...
I can't figure out why you would want to use a tab mark
here. If you just want an ampersand, the remedy is
simple: Just type `I\&' now. But if some right brace
up above has ended a previous alignment prematurely,
you're probably due for more error messages, and you
might try typing `S' now just to see what is salvageable.

./chapters/chuong4.tex:414: Misplaced alignment tab character &.
l.414 ...18} & \topone{0.4739} & \topone{0.4636} &
                                                   \topone{0.4505} \\
I can't figure out why you would want to use a tab mark
here. If you just want an ampersand, the remedy is
simple: Just type `I\&' now. But if some right brace
up above has ended a previous alignment prematurely,
you're probably due for more error messages, and you
might try typing `S' now just to see what is salvageable.

./chapters/chuong4.tex:415: Misplaced alignment tab character &.
l.415 SSFL-IDS          &
                          \topthree{0.0887} & \topthree{0.0341} & \topthree{...
I can't figure out why you would want to use a tab mark
here. If you just want an ampersand, the remedy is
simple: Just type `I\&' now. But if some right brace
up above has ended a previous alignment prematurely,
you're probably due for more error messages, and you
might try typing `S' now just to see what is salvageable.

./chapters/chuong4.tex:415: Misplaced alignment tab character &.
l.415 SSFL-IDS          & \topthree{0.0887} &
                                              \topthree{0.0341} & \topthree{...
I can't figure out why you would want to use a tab mark
here. If you just want an ampersand, the remedy is
simple: Just type `I\&' now. But if some right brace
up above has ended a previous alignment prematurely,
you're probably due for more error messages, and you
might try typing `S' now just to see what is salvageable.

./chapters/chuong4.tex:415: Misplaced alignment tab character &.
l.415 ...& \topthree{0.0887} & \topthree{0.0341} &
                                                   \topthree{0.0323} & \topt...
I can't figure out why you would want to use a tab mark
here. If you just want an ampersand, the remedy is
simple: Just type `I\&' now. But if some right brace
up above has ended a previous alignment prematurely,
you're probably due for more error messages, and you
might try typing `S' now just to see what is salvageable.

./chapters/chuong4.tex:415: Misplaced alignment tab character &.
l.415 ...& \topthree{0.0341} & \topthree{0.0323} &
                                                   \topthree{0.0323} \\
I can't figure out why you would want to use a tab mark
here. If you just want an ampersand, the remedy is
simple: Just type `I\&' now. But if some right brace
up above has ended a previous alignment prematurely,
you're probably due for more error messages, and you
might try typing `S' now just to see what is salvageable.

./chapters/chuong4.tex:416: Misplaced alignment tab character &.
l.416 FedKD-IDS         &
                          \toptwo{0.784} & \toptwo{0.4397} & \toptwo{0.4607}...
I can't figure out why you would want to use a tab mark
here. If you just want an ampersand, the remedy is
simple: Just type `I\&' now. But if some right brace
up above has ended a previous alignment prematurely,
you're probably due for more error messages, and you
might try typing `S' now just to see what is salvageable.

./chapters/chuong4.tex:416: Misplaced alignment tab character &.
l.416 FedKD-IDS         & \toptwo{0.784} &
                                           \toptwo{0.4397} & \toptwo{0.4607}...
I can't figure out why you would want to use a tab mark
here. If you just want an ampersand, the remedy is
simple: Just type `I\&' now. But if some right brace
up above has ended a previous alignment prematurely,
you're probably due for more error messages, and you
might try typing `S' now just to see what is salvageable.

./chapters/chuong4.tex:416: Misplaced alignment tab character &.
l.416 ...     & \toptwo{0.784} & \toptwo{0.4397} &
                                                   \toptwo{0.4607} & \toptwo...
I can't figure out why you would want to use a tab mark
here. If you just want an ampersand, the remedy is
simple: Just type `I\&' now. But if some right brace
up above has ended a previous alignment prematurely,
you're probably due for more error messages, and you
might try typing `S' now just to see what is salvageable.

./chapters/chuong4.tex:416: Misplaced alignment tab character &.
l.416 ...84} & \toptwo{0.4397} & \toptwo{0.4607} &
                                                   \toptwo{0.4065} \\
I can't figure out why you would want to use a tab mark
here. If you just want an ampersand, the remedy is
simple: Just type `I\&' now. But if some right brace
up above has ended a previous alignment prematurely,
you're probably due for more error messages, and you
might try typing `S' now just to see what is salvageable.

./chapters/chuong4.tex:417: Misplaced alignment tab character &.
l.417 FedProto          &
                          0.0235 & 0.0294 & 0.0007 & 0.0014 \\
I can't figure out why you would want to use a tab mark
here. If you just want an ampersand, the remedy is
simple: Just type `I\&' now. But if some right brace
up above has ended a previous alignment prematurely,
you're probably due for more error messages, and you
might try typing `S' now just to see what is salvageable.

./chapters/chuong4.tex:417: Misplaced alignment tab character &.
l.417 FedProto          & 0.0235 &
                                   0.0294 & 0.0007 & 0.0014 \\
I can't figure out why you would want to use a tab mark
here. If you just want an ampersand, the remedy is
simple: Just type `I\&' now. But if some right brace
up above has ended a previous alignment prematurely,
you're probably due for more error messages, and you
might try typing `S' now just to see what is salvageable.

./chapters/chuong4.tex:417: Misplaced alignment tab character &.
l.417 FedProto          & 0.0235 & 0.0294 &
                                            0.0007 & 0.0014 \\
I can't figure out why you would want to use a tab mark
here. If you just want an ampersand, the remedy is
simple: Just type `I\&' now. But if some right brace
up above has ended a previous alignment prematurely,
you're probably due for more error messages, and you
might try typing `S' now just to see what is salvageable.

./chapters/chuong4.tex:417: Misplaced alignment tab character &.
l.417 ...oto          & 0.0235 & 0.0294 & 0.0007 &
                                                   0.0014 \\
I can't figure out why you would want to use a tab mark
here. If you just want an ampersand, the remedy is
simple: Just type `I\&' now. But if some right brace
up above has ended a previous alignment prematurely,
you're probably due for more error messages, and you
might try typing `S' now just to see what is salvageable.

./chapters/chuong4.tex:418: Misplaced \noalign.
\bottomrule ->\noalign 
                       {\ifnum 0=`}\fi \@aboverulesep =\aboverulesep \global...
l.418 \bottomrule
                 
I expect to see \noalign only after the \cr of
an alignment. Proceed, and I'll ignore this case.


./chapters/chuong4.tex:419: LaTeX Error: \begin{table} on input line 405 ended by \end{tabularx}.

See the LaTeX manual or LaTeX Companion for explanation.
Type  H <return>  for immediate help.
 ...                                              
                                                  
l.419 \end{tabularx}
                    
Your command was ignored.
Type  I <command> <return>  to replace it with another command,
or  <return>  to continue without it.


./chapters/chuong4.tex:427: LaTeX Error: Environment tabularx undefined.

See the LaTeX manual or LaTeX Companion for explanation.
Type  H <return>  for immediate help.
 ...                                              
                                                  
l.427 \begin{tabularx}
                      {\textwidth}{lccccX}
Your command was ignored.
Type  I <command> <return>  to replace it with another command,
or  <return>  to continue without it.

./chapters/chuong4.tex:427: Missing number, treated as zero.
<to be read again> 
                   }
l.427 \begin{tabularx}{\textwidth}
                                  {lccccX}
A number should have been here; I inserted `0'.
(If you can't figure out why I needed to see a number,
look up `weird error' in the index to The TeXbook.)

./chapters/chuong4.tex:427: Illegal unit of measure (pt inserted).
<to be read again> 
                   }
l.427 \begin{tabularx}{\textwidth}
                                  {lccccX}
Dimensions can be in units of em, ex, in, pt, pc,
cm, mm, dd, cc, bp, or sp; but yours is a new one!
I'll assume that you meant to say pt, for printer's points.
To recover gracefully from this error, it's best to
delete the erroneous units; e.g., type `2' to delete
two letters. (See Chapter 27 of The TeXbook.)

./chapters/chuong4.tex:428: Misplaced \noalign.
\toprule ->\noalign 
                    {\ifnum 0=`}\fi \@aboverulesep =\abovetopsep \global \@b...
l.428 \toprule
              
I expect to see \noalign only after the \cr of
an alignment. Proceed, and I'll ignore this case.

./chapters/chuong4.tex:429: Misplaced alignment tab character &.
l.429 \textbf{Phương pháp} &
                             \textbf{Acc} & \textbf{Recall (macro)} & \textb...
I can't figure out why you would want to use a tab mark
here. If you just want an ampersand, the remedy is
simple: Just type `I\&' now. But if some right brace
up above has ended a previous alignment prematurely,
you're probably due for more error messages, and you
might try typing `S' now just to see what is salvageable.

./chapters/chuong4.tex:429: Misplaced alignment tab character &.
l.429 \textbf{Phương pháp} & \textbf{Acc} &
                                            \textbf{Recall (macro)} & \textb...
I can't figure out why you would want to use a tab mark
here. If you just want an ampersand, the remedy is
simple: Just type `I\&' now. But if some right brace
up above has ended a previous alignment prematurely,
you're probably due for more error messages, and you
might try typing `S' now just to see what is salvageable.

./chapters/chuong4.tex:429: Misplaced alignment tab character &.
l.429 ... \textbf{Acc} & \textbf{Recall (macro)} &
                                                   \textbf{Precision (macro)...
I can't figure out why you would want to use a tab mark
here. If you just want an ampersand, the remedy is
simple: Just type `I\&' now. But if some right brace
up above has ended a previous alignment prematurely,
you're probably due for more error messages, and you
might try typing `S' now just to see what is salvageable.

./chapters/chuong4.tex:429: Misplaced alignment tab character &.
l.429 ...l (macro)} & \textbf{Precision (macro)} &
                                                   \textbf{F1 (macro)}\\
I can't figure out why you would want to use a tab mark
here. If you just want an ampersand, the remedy is
simple: Just type `I\&' now. But if some right brace
up above has ended a previous alignment prematurely,
you're probably due for more error messages, and you
might try typing `S' now just to see what is salvageable.

./chapters/chuong4.tex:430: Misplaced \noalign.
\midrule ->\noalign 
                    {\ifnum 0=`}\fi \@aboverulesep =\aboverulesep \global \@...
l.430 \midrule
              
I expect to see \noalign only after the \cr of
an alignment. Proceed, and I'll ignore this case.

./chapters/chuong4.tex:431: Misplaced \omit.
\multispan ->\omit 
                   \@multispan 
l.431 ...{c}{\textbf{Federated Distillation (FD)}}
                                                   \\
I expect to see \omit only after tab marks or the \cr of
an alignment. Proceed, and I'll ignore this case.

./chapters/chuong4.tex:431: Misplaced \span.
\sp@n ->\span 
              \omit \advance \@multicnt \m@ne 
l.431 ...{c}{\textbf{Federated Distillation (FD)}}
                                                   \\
I can't figure out why you would want to use a tab mark
or \cr or \span just now. If something like a right brace
up above has ended a previous alignment prematurely,
you're probably due for more error messages, and you
might try typing `S' now just to see what is salvageable.

./chapters/chuong4.tex:431: Misplaced \omit.
\sp@n ->\span \omit 
                    \advance \@multicnt \m@ne 
l.431 ...{c}{\textbf{Federated Distillation (FD)}}
                                                   \\
I expect to see \omit only after tab marks or the \cr of
an alignment. Proceed, and I'll ignore this case.

./chapters/chuong4.tex:431: Misplaced \span.
\sp@n ->\span 
              \omit \advance \@multicnt \m@ne 
l.431 ...{c}{\textbf{Federated Distillation (FD)}}
                                                   \\
I can't figure out why you would want to use a tab mark
or \cr or \span just now. If something like a right brace
up above has ended a previous alignment prematurely,
you're probably due for more error messages, and you
might try typing `S' now just to see what is salvageable.

./chapters/chuong4.tex:431: Misplaced \omit.
\sp@n ->\span \omit 
                    \advance \@multicnt \m@ne 
l.431 ...{c}{\textbf{Federated Distillation (FD)}}
                                                   \\
I expect to see \omit only after tab marks or the \cr of
an alignment. Proceed, and I'll ignore this case.

./chapters/chuong4.tex:431: Misplaced \span.
\sp@n ->\span 
              \omit \advance \@multicnt \m@ne 
l.431 ...{c}{\textbf{Federated Distillation (FD)}}
                                                   \\
I can't figure out why you would want to use a tab mark
or \cr or \span just now. If something like a right brace
up above has ended a previous alignment prematurely,
you're probably due for more error messages, and you
might try typing `S' now just to see what is salvageable.

./chapters/chuong4.tex:431: Misplaced \omit.
\sp@n ->\span \omit 
                    \advance \@multicnt \m@ne 
l.431 ...{c}{\textbf{Federated Distillation (FD)}}
                                                   \\
I expect to see \omit only after tab marks or the \cr of
an alignment. Proceed, and I'll ignore this case.

./chapters/chuong4.tex:431: Misplaced \span.
\sp@n ->\span 
              \omit \advance \@multicnt \m@ne 
l.431 ...{c}{\textbf{Federated Distillation (FD)}}
                                                   \\
I can't figure out why you would want to use a tab mark
or \cr or \span just now. If something like a right brace
up above has ended a previous alignment prematurely,
you're probably due for more error messages, and you
might try typing `S' now just to see what is salvageable.

./chapters/chuong4.tex:431: Misplaced \omit.
\sp@n ->\span \omit 
                    \advance \@multicnt \m@ne 
l.431 ...{c}{\textbf{Federated Distillation (FD)}}
                                                   \\
I expect to see \omit only after tab marks or the \cr of
an alignment. Proceed, and I'll ignore this case.

./chapters/chuong4.tex:431: Misplaced \span.
\sp@n ->\span 
              \omit \advance \@multicnt \m@ne 
l.431 ...{c}{\textbf{Federated Distillation (FD)}}
                                                   \\
I can't figure out why you would want to use a tab mark
or \cr or \span just now. If something like a right brace
up above has ended a previous alignment prematurely,
you're probably due for more error messages, and you
might try typing `S' now just to see what is salvageable.

./chapters/chuong4.tex:431: Misplaced \omit.
\sp@n ->\span \omit 
                    \advance \@multicnt \m@ne 
l.431 ...{c}{\textbf{Federated Distillation (FD)}}
                                                   \\
I expect to see \omit only after tab marks or the \cr of
an alignment. Proceed, and I'll ignore this case.

./chapters/chuong4.tex:432: Misplaced \noalign.
\midrule ->\noalign 
                    {\ifnum 0=`}\fi \@aboverulesep =\aboverulesep \global \@...
l.432 \midrule
              
I expect to see \noalign only after the \cr of
an alignment. Proceed, and I'll ignore this case.

./chapters/chuong4.tex:433: Misplaced alignment tab character &.
l.433 Đề xuất           &
                          \toptwo{0.6951} & \toptwo{0.3595} & \toptwo{0.2833...
I can't figure out why you would want to use a tab mark
here. If you just want an ampersand, the remedy is
simple: Just type `I\&' now. But if some right brace
up above has ended a previous alignment prematurely,
you're probably due for more error messages, and you
might try typing `S' now just to see what is salvageable.

./chapters/chuong4.tex:433: Misplaced alignment tab character &.
l.433 Đề xuất           & \toptwo{0.6951} &
                                            \toptwo{0.3595} & \toptwo{0.2833...
I can't figure out why you would want to use a tab mark
here. If you just want an ampersand, the remedy is
simple: Just type `I\&' now. But if some right brace
up above has ended a previous alignment prematurely,
you're probably due for more error messages, and you
might try typing `S' now just to see what is salvageable.

./chapters/chuong4.tex:433: Misplaced alignment tab character &.
l.433 ...    & \toptwo{0.6951} & \toptwo{0.3595} &
                                                   \toptwo{0.2833} & \toptwo...
I can't figure out why you would want to use a tab mark
here. If you just want an ampersand, the remedy is
simple: Just type `I\&' now. But if some right brace
up above has ended a previous alignment prematurely,
you're probably due for more error messages, and you
might try typing `S' now just to see what is salvageable.

./chapters/chuong4.tex:433: Misplaced alignment tab character &.
l.433 ...51} & \toptwo{0.3595} & \toptwo{0.2833} &
                                                   \toptwo{0.2798}\\
I can't figure out why you would want to use a tab mark
here. If you just want an ampersand, the remedy is
simple: Just type `I\&' now. But if some right brace
up above has ended a previous alignment prematurely,
you're probably due for more error messages, and you
might try typing `S' now just to see what is salvageable.

./chapters/chuong4.tex:434: Misplaced alignment tab character &.
l.434 SSFL-IDS          &
                          0.0235 & 0.0294 & 0.0007 & 0.0014  \\
I can't figure out why you would want to use a tab mark
here. If you just want an ampersand, the remedy is
simple: Just type `I\&' now. But if some right brace
up above has ended a previous alignment prematurely,
you're probably due for more error messages, and you
might try typing `S' now just to see what is salvageable.

./chapters/chuong4.tex:434: Misplaced alignment tab character &.
l.434 SSFL-IDS          & 0.0235 &
                                   0.0294 & 0.0007 & 0.0014  \\
I can't figure out why you would want to use a tab mark
here. If you just want an ampersand, the remedy is
simple: Just type `I\&' now. But if some right brace
up above has ended a previous alignment prematurely,
you're probably due for more error messages, and you
might try typing `S' now just to see what is salvageable.

./chapters/chuong4.tex:434: Misplaced alignment tab character &.
l.434 SSFL-IDS          & 0.0235 & 0.0294 &
                                            0.0007 & 0.0014  \\
I can't figure out why you would want to use a tab mark
here. If you just want an ampersand, the remedy is
simple: Just type `I\&' now. But if some right brace
up above has ended a previous alignment prematurely,
you're probably due for more error messages, and you
might try typing `S' now just to see what is salvageable.

./chapters/chuong4.tex:434: Misplaced alignment tab character &.
l.434 ...IDS          & 0.0235 & 0.0294 & 0.0007 &
                                                   0.0014  \\
I can't figure out why you would want to use a tab mark
here. If you just want an ampersand, the remedy is
simple: Just type `I\&' now. But if some right brace
up above has ended a previous alignment prematurely,
you're probably due for more error messages, and you
might try typing `S' now just to see what is salvageable.

./chapters/chuong4.tex:435: Misplaced alignment tab character &.
l.435 FedKD-IDS         &
                          \topone{0.9572} & \topone{0.5396} & \topone{0.5276...
I can't figure out why you would want to use a tab mark
here. If you just want an ampersand, the remedy is
simple: Just type `I\&' now. But if some right brace
up above has ended a previous alignment prematurely,
you're probably due for more error messages, and you
might try typing `S' now just to see what is salvageable.

./chapters/chuong4.tex:435: Misplaced alignment tab character &.
l.435 FedKD-IDS         & \topone{0.9572} &
                                            \topone{0.5396} & \topone{0.5276...
I can't figure out why you would want to use a tab mark
here. If you just want an ampersand, the remedy is
simple: Just type `I\&' now. But if some right brace
up above has ended a previous alignment prematurely,
you're probably due for more error messages, and you
might try typing `S' now just to see what is salvageable.

./chapters/chuong4.tex:435: Misplaced alignment tab character &.
l.435 ...    & \topone{0.9572} & \topone{0.5396} &
                                                   \topone{0.5276} & \topone...
I can't figure out why you would want to use a tab mark
here. If you just want an ampersand, the remedy is
simple: Just type `I\&' now. But if some right brace
up above has ended a previous alignment prematurely,
you're probably due for more error messages, and you
might try typing `S' now just to see what is salvageable.

./chapters/chuong4.tex:435: Misplaced alignment tab character &.
l.435 ...72} & \topone{0.5396} & \topone{0.5276} &
                                                   \topone{0.5188} \\
I can't figure out why you would want to use a tab mark
here. If you just want an ampersand, the remedy is
simple: Just type `I\&' now. But if some right brace
up above has ended a previous alignment prematurely,
you're probably due for more error messages, and you
might try typing `S' now just to see what is salvageable.

./chapters/chuong4.tex:436: Misplaced alignment tab character &.
l.436 FedProto          &
                          \topthree{0.1087} & \topthree{0.0411} & \topthree{...
I can't figure out why you would want to use a tab mark
here. If you just want an ampersand, the remedy is
simple: Just type `I\&' now. But if some right brace
up above has ended a previous alignment prematurely,
you're probably due for more error messages, and you
might try typing `S' now just to see what is salvageable.

./chapters/chuong4.tex:436: Misplaced alignment tab character &.
l.436 FedProto          & \topthree{0.1087} &
                                              \topthree{0.0411} & \topthree{...
I can't figure out why you would want to use a tab mark
here. If you just want an ampersand, the remedy is
simple: Just type `I\&' now. But if some right brace
up above has ended a previous alignment prematurely,
you're probably due for more error messages, and you
might try typing `S' now just to see what is salvageable.

./chapters/chuong4.tex:436: Misplaced alignment tab character &.
l.436 ...& \topthree{0.1087} & \topthree{0.0411} &
                                                   \topthree{0.0101} & \topt...
I can't figure out why you would want to use a tab mark
here. If you just want an ampersand, the remedy is
simple: Just type `I\&' now. But if some right brace
up above has ended a previous alignment prematurely,
you're probably due for more error messages, and you
might try typing `S' now just to see what is salvageable.

./chapters/chuong4.tex:436: Misplaced alignment tab character &.
l.436 ...& \topthree{0.0411} & \topthree{0.0101} &
                                                   \topthree{0.0125} \\
I can't figure out why you would want to use a tab mark
here. If you just want an ampersand, the remedy is
simple: Just type `I\&' now. But if some right brace
up above has ended a previous alignment prematurely,
you're probably due for more error messages, and you
might try typing `S' now just to see what is salvageable.

./chapters/chuong4.tex:437: Misplaced \noalign.
\midrule ->\noalign 
                    {\ifnum 0=`}\fi \@aboverulesep =\aboverulesep \global \@...
l.437 \midrule
              
I expect to see \noalign only after the \cr of
an alignment. Proceed, and I'll ignore this case.

./chapters/chuong4.tex:438: Misplaced \omit.
\multispan ->\omit 
                   \@multispan 
l.438 ...n{6}{c}{\textbf{Federated Learning (FL)}}
                                                   \\
I expect to see \omit only after tab marks or the \cr of
an alignment. Proceed, and I'll ignore this case.

./chapters/chuong4.tex:438: Misplaced \span.
\sp@n ->\span 
              \omit \advance \@multicnt \m@ne 
l.438 ...n{6}{c}{\textbf{Federated Learning (FL)}}
                                                   \\
I can't figure out why you would want to use a tab mark
or \cr or \span just now. If something like a right brace
up above has ended a previous alignment prematurely,
you're probably due for more error messages, and you
might try typing `S' now just to see what is salvageable.

./chapters/chuong4.tex:438: Misplaced \omit.
\sp@n ->\span \omit 
                    \advance \@multicnt \m@ne 
l.438 ...n{6}{c}{\textbf{Federated Learning (FL)}}
                                                   \\
I expect to see \omit only after tab marks or the \cr of
an alignment. Proceed, and I'll ignore this case.

./chapters/chuong4.tex:438: Misplaced \span.
\sp@n ->\span 
              \omit \advance \@multicnt \m@ne 
l.438 ...n{6}{c}{\textbf{Federated Learning (FL)}}
                                                   \\
I can't figure out why you would want to use a tab mark
or \cr or \span just now. If something like a right brace
up above has ended a previous alignment prematurely,
you're probably due for more error messages, and you
might try typing `S' now just to see what is salvageable.

./chapters/chuong4.tex:438: Misplaced \omit.
\sp@n ->\span \omit 
                    \advance \@multicnt \m@ne 
l.438 ...n{6}{c}{\textbf{Federated Learning (FL)}}
                                                   \\
I expect to see \omit only after tab marks or the \cr of
an alignment. Proceed, and I'll ignore this case.

./chapters/chuong4.tex:438: Misplaced \span.
\sp@n ->\span 
              \omit \advance \@multicnt \m@ne 
l.438 ...n{6}{c}{\textbf{Federated Learning (FL)}}
                                                   \\
I can't figure out why you would want to use a tab mark
or \cr or \span just now. If something like a right brace
up above has ended a previous alignment prematurely,
you're probably due for more error messages, and you
might try typing `S' now just to see what is salvageable.

./chapters/chuong4.tex:438: Misplaced \omit.
\sp@n ->\span \omit 
                    \advance \@multicnt \m@ne 
l.438 ...n{6}{c}{\textbf{Federated Learning (FL)}}
                                                   \\
I expect to see \omit only after tab marks or the \cr of
an alignment. Proceed, and I'll ignore this case.

./chapters/chuong4.tex:438: Misplaced \span.
\sp@n ->\span 
              \omit \advance \@multicnt \m@ne 
l.438 ...n{6}{c}{\textbf{Federated Learning (FL)}}
                                                   \\
I can't figure out why you would want to use a tab mark
or \cr or \span just now. If something like a right brace
up above has ended a previous alignment prematurely,
you're probably due for more error messages, and you
might try typing `S' now just to see what is salvageable.

./chapters/chuong4.tex:438: Misplaced \omit.
\sp@n ->\span \omit 
                    \advance \@multicnt \m@ne 
l.438 ...n{6}{c}{\textbf{Federated Learning (FL)}}
                                                   \\
I expect to see \omit only after tab marks or the \cr of
an alignment. Proceed, and I'll ignore this case.

./chapters/chuong4.tex:438: Misplaced \span.
\sp@n ->\span 
              \omit \advance \@multicnt \m@ne 
l.438 ...n{6}{c}{\textbf{Federated Learning (FL)}}
                                                   \\
I can't figure out why you would want to use a tab mark
or \cr or \span just now. If something like a right brace
up above has ended a previous alignment prematurely,
you're probably due for more error messages, and you
might try typing `S' now just to see what is salvageable.

./chapters/chuong4.tex:438: Misplaced \omit.
\sp@n ->\span \omit 
                    \advance \@multicnt \m@ne 
l.438 ...n{6}{c}{\textbf{Federated Learning (FL)}}
                                                   \\
I expect to see \omit only after tab marks or the \cr of
an alignment. Proceed, and I'll ignore this case.

./chapters/chuong4.tex:439: Misplaced \noalign.
\midrule ->\noalign 
                    {\ifnum 0=`}\fi \@aboverulesep =\aboverulesep \global \@...
l.439 \midrule
              
I expect to see \noalign only after the \cr of
an alignment. Proceed, and I'll ignore this case.

./chapters/chuong4.tex:440: Misplaced alignment tab character &.
l.440 FedAvg            &
                          0.0235 & 0.0294 & 0.0007 & 0.0014 \\
I can't figure out why you would want to use a tab mark
here. If you just want an ampersand, the remedy is
simple: Just type `I\&' now. But if some right brace
up above has ended a previous alignment prematurely,
you're probably due for more error messages, and you
might try typing `S' now just to see what is salvageable.

./chapters/chuong4.tex:440: Misplaced alignment tab character &.
l.440 FedAvg            & 0.0235 &
                                   0.0294 & 0.0007 & 0.0014 \\
I can't figure out why you would want to use a tab mark
here. If you just want an ampersand, the remedy is
simple: Just type `I\&' now. But if some right brace
up above has ended a previous alignment prematurely,
you're probably due for more error messages, and you
might try typing `S' now just to see what is salvageable.

./chapters/chuong4.tex:440: Misplaced alignment tab character &.
l.440 FedAvg            & 0.0235 & 0.0294 &
                                            0.0007 & 0.0014 \\
I can't figure out why you would want to use a tab mark
here. If you just want an ampersand, the remedy is
simple: Just type `I\&' now. But if some right brace
up above has ended a previous alignment prematurely,
you're probably due for more error messages, and you
might try typing `S' now just to see what is salvageable.

./chapters/chuong4.tex:440: Misplaced alignment tab character &.
l.440 ...g            & 0.0235 & 0.0294 & 0.0007 &
                                                   0.0014 \\
I can't figure out why you would want to use a tab mark
here. If you just want an ampersand, the remedy is
simple: Just type `I\&' now. But if some right brace
up above has ended a previous alignment prematurely,
you're probably due for more error messages, and you
might try typing `S' now just to see what is salvageable.

./chapters/chuong4.tex:441: Misplaced alignment tab character &.
l.441 FLAME             &
                          0.0617 & 0.0239 & 0.0098 & 0.0092 \\
I can't figure out why you would want to use a tab mark
here. If you just want an ampersand, the remedy is
simple: Just type `I\&' now. But if some right brace
up above has ended a previous alignment prematurely,
you're probably due for more error messages, and you
might try typing `S' now just to see what is salvageable.

./chapters/chuong4.tex:441: Misplaced alignment tab character &.
l.441 FLAME             & 0.0617 &
                                   0.0239 & 0.0098 & 0.0092 \\
I can't figure out why you would want to use a tab mark
here. If you just want an ampersand, the remedy is
simple: Just type `I\&' now. But if some right brace
up above has ended a previous alignment prematurely,
you're probably due for more error messages, and you
might try typing `S' now just to see what is salvageable.

./chapters/chuong4.tex:441: Misplaced alignment tab character &.
l.441 FLAME             & 0.0617 & 0.0239 &
                                            0.0098 & 0.0092 \\
I can't figure out why you would want to use a tab mark
here. If you just want an ampersand, the remedy is
simple: Just type `I\&' now. But if some right brace
up above has ended a previous alignment prematurely,
you're probably due for more error messages, and you
might try typing `S' now just to see what is salvageable.

./chapters/chuong4.tex:441: Misplaced alignment tab character &.
l.441 ...             & 0.0617 & 0.0239 & 0.0098 &
                                                   0.0092 \\
I can't figure out why you would want to use a tab mark
here. If you just want an ampersand, the remedy is
simple: Just type `I\&' now. But if some right brace
up above has ended a previous alignment prematurely,
you're probably due for more error messages, and you
might try typing `S' now just to see what is salvageable.

./chapters/chuong4.tex:442: Misplaced \noalign.
\bottomrule ->\noalign 
                       {\ifnum 0=`}\fi \@aboverulesep =\aboverulesep \global...
l.442 \bottomrule
                 
I expect to see \noalign only after the \cr of
an alignment. Proceed, and I'll ignore this case.


./chapters/chuong4.tex:443: LaTeX Error: \begin{table} on input line 422 ended by \end{tabularx}.

See the LaTeX manual or LaTeX Companion for explanation.
Type  H <return>  for immediate help.
 ...                                              
                                                  
l.443 \end{tabularx}
                    
Your command was ignored.
Type  I <command> <return>  to replace it with another command,
or  <return>  to continue without it.


./chapters/chuong4.tex:451: LaTeX Error: Environment tabularx undefined.

See the LaTeX manual or LaTeX Companion for explanation.
Type  H <return>  for immediate help.
 ...                                              
                                                  
l.451 \begin{tabularx}
                      {\textwidth}{lccccX}
Your command was ignored.
Type  I <command> <return>  to replace it with another command,
or  <return>  to continue without it.

./chapters/chuong4.tex:451: Missing number, treated as zero.
<to be read again> 
                   }
l.451 \begin{tabularx}{\textwidth}
                                  {lccccX}
A number should have been here; I inserted `0'.
(If you can't figure out why I needed to see a number,
look up `weird error' in the index to The TeXbook.)

./chapters/chuong4.tex:451: Illegal unit of measure (pt inserted).
<to be read again> 
                   }
l.451 \begin{tabularx}{\textwidth}
                                  {lccccX}
Dimensions can be in units of em, ex, in, pt, pc,
cm, mm, dd, cc, bp, or sp; but yours is a new one!
I'll assume that you meant to say pt, for printer's points.
To recover gracefully from this error, it's best to
delete the erroneous units; e.g., type `2' to delete
two letters. (See Chapter 27 of The TeXbook.)

./chapters/chuong4.tex:452: Misplaced \noalign.
\toprule ->\noalign 
                    {\ifnum 0=`}\fi \@aboverulesep =\abovetopsep \global \@b...
l.452 \toprule
              
I expect to see \noalign only after the \cr of
an alignment. Proceed, and I'll ignore this case.

./chapters/chuong4.tex:453: Misplaced alignment tab character &.
l.453 \textbf{Phương pháp} &
                             \textbf{Acc} & \textbf{Recall (macro)} & \textb...
I can't figure out why you would want to use a tab mark
here. If you just want an ampersand, the remedy is
simple: Just type `I\&' now. But if some right brace
up above has ended a previous alignment prematurely,
you're probably due for more error messages, and you
might try typing `S' now just to see what is salvageable.

./chapters/chuong4.tex:453: Misplaced alignment tab character &.
l.453 \textbf{Phương pháp} & \textbf{Acc} &
                                            \textbf{Recall (macro)} & \textb...
I can't figure out why you would want to use a tab mark
here. If you just want an ampersand, the remedy is
simple: Just type `I\&' now. But if some right brace
up above has ended a previous alignment prematurely,
you're probably due for more error messages, and you
might try typing `S' now just to see what is salvageable.

./chapters/chuong4.tex:453: Misplaced alignment tab character &.
l.453 ... \textbf{Acc} & \textbf{Recall (macro)} &
                                                   \textbf{Precision (macro)...
I can't figure out why you would want to use a tab mark
here. If you just want an ampersand, the remedy is
simple: Just type `I\&' now. But if some right brace
up above has ended a previous alignment prematurely,
you're probably due for more error messages, and you
might try typing `S' now just to see what is salvageable.

./chapters/chuong4.tex:453: Misplaced alignment tab character &.
l.453 ...l (macro)} & \textbf{Precision (macro)} &
                                                   \textbf{F1 (macro)} \\
I can't figure out why you would want to use a tab mark
here. If you just want an ampersand, the remedy is
simple: Just type `I\&' now. But if some right brace
up above has ended a previous alignment prematurely,
you're probably due for more error messages, and you
might try typing `S' now just to see what is salvageable.

./chapters/chuong4.tex:454: Misplaced \noalign.
\midrule ->\noalign 
                    {\ifnum 0=`}\fi \@aboverulesep =\aboverulesep \global \@...
l.454 \midrule
              
I expect to see \noalign only after the \cr of
an alignment. Proceed, and I'll ignore this case.

./chapters/chuong4.tex:455: Misplaced alignment tab character &.
l.455 FedKD-IDS         &
                          \topone{0.8483} & \topone{0.3915} & \topone{0.4346...
I can't figure out why you would want to use a tab mark
here. If you just want an ampersand, the remedy is
simple: Just type `I\&' now. But if some right brace
up above has ended a previous alignment prematurely,
you're probably due for more error messages, and you
might try typing `S' now just to see what is salvageable.

./chapters/chuong4.tex:455: Misplaced alignment tab character &.
l.455 FedKD-IDS         & \topone{0.8483} &
                                            \topone{0.3915} & \topone{0.4346...
I can't figure out why you would want to use a tab mark
here. If you just want an ampersand, the remedy is
simple: Just type `I\&' now. But if some right brace
up above has ended a previous alignment prematurely,
you're probably due for more error messages, and you
might try typing `S' now just to see what is salvageable.

./chapters/chuong4.tex:455: Misplaced alignment tab character &.
l.455 ...    & \topone{0.8483} & \topone{0.3915} &
                                                   \topone{0.4346} & \topone...
I can't figure out why you would want to use a tab mark
here. If you just want an ampersand, the remedy is
simple: Just type `I\&' now. But if some right brace
up above has ended a previous alignment prematurely,
you're probably due for more error messages, and you
might try typing `S' now just to see what is salvageable.

./chapters/chuong4.tex:455: Misplaced alignment tab character &.
l.455 ...83} & \topone{0.3915} & \topone{0.4346} &
                                                   \topone{0.3732} \\
I can't figure out why you would want to use a tab mark
here. If you just want an ampersand, the remedy is
simple: Just type `I\&' now. But if some right brace
up above has ended a previous alignment prematurely,
you're probably due for more error messages, and you
might try typing `S' now just to see what is salvageable.

./chapters/chuong4.tex:456: Misplaced alignment tab character &.
l.456 Đề xuất           &
                          \toptwo{0.4561} & \toptwo{0.2758} & \toptwo{0.1987...
I can't figure out why you would want to use a tab mark
here. If you just want an ampersand, the remedy is
simple: Just type `I\&' now. But if some right brace
up above has ended a previous alignment prematurely,
you're probably due for more error messages, and you
might try typing `S' now just to see what is salvageable.

./chapters/chuong4.tex:456: Misplaced alignment tab character &.
l.456 Đề xuất           & \toptwo{0.4561} &
                                            \toptwo{0.2758} & \toptwo{0.1987...
I can't figure out why you would want to use a tab mark
here. If you just want an ampersand, the remedy is
simple: Just type `I\&' now. But if some right brace
up above has ended a previous alignment prematurely,
you're probably due for more error messages, and you
might try typing `S' now just to see what is salvageable.

./chapters/chuong4.tex:456: Misplaced alignment tab character &.
l.456 ...    & \toptwo{0.4561} & \toptwo{0.2758} &
                                                   \toptwo{0.1987} & \toptwo...
I can't figure out why you would want to use a tab mark
here. If you just want an ampersand, the remedy is
simple: Just type `I\&' now. But if some right brace
up above has ended a previous alignment prematurely,
you're probably due for more error messages, and you
might try typing `S' now just to see what is salvageable.

./chapters/chuong4.tex:456: Misplaced alignment tab character &.
l.456 ...61} & \toptwo{0.2758} & \toptwo{0.1987} &
                                                   \toptwo{0.1968} \\
I can't figure out why you would want to use a tab mark
here. If you just want an ampersand, the remedy is
simple: Just type `I\&' now. But if some right brace
up above has ended a previous alignment prematurely,
you're probably due for more error messages, and you
might try typing `S' now just to see what is salvageable.

./chapters/chuong4.tex:457: Misplaced alignment tab character &.
l.457 SSFL-IDS          &
                          \topthree{0.0235} & \topthree{0.0294} & \topthree{...
I can't figure out why you would want to use a tab mark
here. If you just want an ampersand, the remedy is
simple: Just type `I\&' now. But if some right brace
up above has ended a previous alignment prematurely,
you're probably due for more error messages, and you
might try typing `S' now just to see what is salvageable.

./chapters/chuong4.tex:457: Misplaced alignment tab character &.
l.457 SSFL-IDS          & \topthree{0.0235} &
                                              \topthree{0.0294} & \topthree{...
I can't figure out why you would want to use a tab mark
here. If you just want an ampersand, the remedy is
simple: Just type `I\&' now. But if some right brace
up above has ended a previous alignment prematurely,
you're probably due for more error messages, and you
might try typing `S' now just to see what is salvageable.

./chapters/chuong4.tex:457: Misplaced alignment tab character &.
l.457 ...& \topthree{0.0235} & \topthree{0.0294} &
                                                   \topthree{0.0007} & \topt...
I can't figure out why you would want to use a tab mark
here. If you just want an ampersand, the remedy is
simple: Just type `I\&' now. But if some right brace
up above has ended a previous alignment prematurely,
you're probably due for more error messages, and you
might try typing `S' now just to see what is salvageable.

./chapters/chuong4.tex:457: Misplaced alignment tab character &.
l.457 ...& \topthree{0.0294} & \topthree{0.0007} &
                                                   \topthree{0.0014} \\
I can't figure out why you would want to use a tab mark
here. If you just want an ampersand, the remedy is
simple: Just type `I\&' now. But if some right brace
up above has ended a previous alignment prematurely,
you're probably due for more error messages, and you
might try typing `S' now just to see what is salvageable.

./chapters/chuong4.tex:458: Misplaced alignment tab character &.
l.458 FedProto          &
                          \topthree{0.0235} & \topthree{0.0294} & \topthree{...
I can't figure out why you would want to use a tab mark
here. If you just want an ampersand, the remedy is
simple: Just type `I\&' now. But if some right brace
up above has ended a previous alignment prematurely,
you're probably due for more error messages, and you
might try typing `S' now just to see what is salvageable.

./chapters/chuong4.tex:458: Misplaced alignment tab character &.
l.458 FedProto          & \topthree{0.0235} &
                                              \topthree{0.0294} & \topthree{...
I can't figure out why you would want to use a tab mark
here. If you just want an ampersand, the remedy is
simple: Just type `I\&' now. But if some right brace
up above has ended a previous alignment prematurely,
you're probably due for more error messages, and you
might try typing `S' now just to see what is salvageable.

./chapters/chuong4.tex:458: Misplaced alignment tab character &.
l.458 ...& \topthree{0.0235} & \topthree{0.0294} &
                                                   \topthree{0.0007} & \topt...
I can't figure out why you would want to use a tab mark
here. If you just want an ampersand, the remedy is
simple: Just type `I\&' now. But if some right brace
up above has ended a previous alignment prematurely,
you're probably due for more error messages, and you
might try typing `S' now just to see what is salvageable.

./chapters/chuong4.tex:458: Misplaced alignment tab character &.
l.458 ...& \topthree{0.0294} & \topthree{0.0007} &
                                                   \topthree{0.0014} \\
I can't figure out why you would want to use a tab mark
here. If you just want an ampersand, the remedy is
simple: Just type `I\&' now. But if some right brace
up above has ended a previous alignment prematurely,
you're probably due for more error messages, and you
might try typing `S' now just to see what is salvageable.

./chapters/chuong4.tex:459: Misplaced \noalign.
\bottomrule ->\noalign 
                       {\ifnum 0=`}\fi \@aboverulesep =\aboverulesep \global...
l.459 \bottomrule
                 
I expect to see \noalign only after the \cr of
an alignment. Proceed, and I'll ignore this case.


./chapters/chuong4.tex:460: LaTeX Error: \begin{table} on input line 446 ended by \end{tabularx}.

See the LaTeX manual or LaTeX Companion for explanation.
Type  H <return>  for immediate help.
 ...                                              
                                                  
l.460 \end{tabularx}
                    
Your command was ignored.
Type  I <command> <return>  to replace it with another command,
or  <return>  to continue without it.




Package fancyhdr Warning: \headheight is too small (15.5pt): 
(fancyhdr)                Make it at least 17.7352pt, for example:
(fancyhdr)                \setlength{\headheight}{17.7352pt}.
(fancyhdr)                You might also make \topmargin smaller:
(fancyhdr)                \addtolength{\topmargin}{-2.2352pt}.

[44]


Package fancyhdr Warning: \headheight is too small (15.5pt): 
(fancyhdr)                Make it at least 17.7352pt, for example:
(fancyhdr)                \setlength{\headheight}{17.7352pt}.
(fancyhdr)                You might also make \topmargin smaller:
(fancyhdr)                \addtolength{\topmargin}{-2.2352pt}.

[45])


Package fancyhdr Warning: \headheight is too small (15.5pt): 
(fancyhdr)                Make it at least 17.7352pt, for example:
(fancyhdr)                \setlength{\headheight}{17.7352pt}.
(fancyhdr)                You might also make \topmargin smaller:
(fancyhdr)                \addtolength{\topmargin}{-2.2352pt}.

[46] (./chapters/chuong5.tex
Chương 5.

LaTeX Warning: Citation `neto2023ciciot2023' on page 47 undefined on input line 23.



[47

]


Package fancyhdr Warning: \headheight is too small (15.5pt): 
(fancyhdr)                Make it at least 17.93208pt, for example:
(fancyhdr)                \setlength{\headheight}{17.93208pt}.
(fancyhdr)                You might also make \topmargin smaller:
(fancyhdr)                \addtolength{\topmargin}{-2.43208pt}.

[48])


Package fancyhdr Warning: \headheight is too small (15.5pt): 
(fancyhdr)                Make it at least 17.93208pt, for example:
(fancyhdr)                \setlength{\headheight}{17.93208pt}.
(fancyhdr)                You might also make \topmargin smaller:
(fancyhdr)                \addtolength{\topmargin}{-2.43208pt}.

[49] (./backmatter/phuluc_a.tex
Phụ lục A.

Underfull \hbox (badness 1924) in paragraph at lines 32--32
\TU/TimesNewRoman(0)/m/n/12 IDS, phân loại, kiến trúc và các
 []


Underfull \hbox (badness 1082) in paragraph at lines 34--34
[]|\TU/TimesNewRoman(0)/m/n/12 Nghiên cứu về Federated Distilla-
 []


Underfull \hbox (badness 1442) in paragraph at lines 34--35
[]|\TU/TimesNewRoman(0)/m/n/12 Nghiên cứu về Byzantine attacks:
 []


Underfull \hbox (badness 4048) in paragraph at lines 34--35
\TU/TimesNewRoman(0)/m/n/12 data poisoning, model poisoning,
 []


Underfull \hbox (badness 5802) in paragraph at lines 40--40
[]|\TU/TimesNewRoman(0)/m/n/12 Triển khai cơ chế Decentralized
 []


Underfull \hbox (badness 2443) in paragraph at lines 40--40
\TU/TimesNewRoman(0)/m/n/12 Server Selection và tích hợp các
 []


Underfull \hbox (badness 4967) in paragraph at lines 40--41
[]|\TU/TimesNewRoman(0)/m/n/12 Triển khai Evidential Knowledge
 []

[50

])


Package fancyhdr Warning: \headheight is too small (15.5pt): 
(fancyhdr)                Make it at least 17.93208pt, for example:
(fancyhdr)                \setlength{\headheight}{17.93208pt}.
(fancyhdr)                You might also make \topmargin smaller:
(fancyhdr)                \addtolength{\topmargin}{-2.43208pt}.

[51] (./backmatter/tailieu_thamkhao.tex (./baocao_phuc.bbl

[52

]


Package fancyhdr Warning: \headheight is too small (15.5pt): 
(fancyhdr)                Make it at least 17.93208pt, for example:
(fancyhdr)                \setlength{\headheight}{17.93208pt}.
(fancyhdr)                You might also make \topmargin smaller:
(fancyhdr)                \addtolength{\topmargin}{-2.43208pt}.

[53]
Underfull \hbox (badness 10000) in paragraph at lines 165--171
[]\TU/TimesNewRoman(0)/m/n/12 Brendan McMahan, Eider Moore, Daniel Ramage, Seth Hampson, and
 []


Underfull \hbox (badness 1048) in paragraph at lines 165--171
\TU/TimesNewRoman(0)/m/n/12 Blaise Aguera y Arcas.  Communication-efficient learning of deep networks
 []




Package fancyhdr Warning: \headheight is too small (15.5pt): 
(fancyhdr)                Make it at least 17.93208pt, for example:
(fancyhdr)                \setlength{\headheight}{17.93208pt}.
(fancyhdr)                You might also make \topmargin smaller:
(fancyhdr)                \addtolength{\topmargin}{-2.43208pt}.

[54]
Underfull \hbox (badness 1701) in paragraph at lines 235--241
[]\TU/TimesNewRoman(0)/m/n/12 SonicWall.  2024 mid-year cyber threat report.  [][]$[][][][][] [] [] [] [][][] [] [][][][][][][][] []
 []


Underfull \hbox (badness 10000) in paragraph at lines 235--241
[][][] [] [][] [] [][] [] [][][][][][][][][] [] [][][][][][][][][][][] [] [][][][][][][] [] [][][][][] [] [][] [] [][][][] [] [][] []
 []


Underfull \hbox (badness 3281) in paragraph at lines 235--241
[][][][][][][][][][][][][][][][][][][][][][][][][][][][][][][][][][][][][][][][][][][][][][][][][] [] [][][]$[][]\TU/TimesNewRoman(0)/m/n/12 , 2024.  Accessed
 []


Underfull \hbox (badness 8132) in paragraph at lines 250--257
[]\TU/TimesNewRoman(0)/m/n/12 The Hacker News.  Doj disrupts 3 million-device iot botnets behind
 []


Underfull \hbox (badness 5105) in paragraph at lines 250--257
\TU/TimesNewRoman(0)/m/n/12 record 31.4 tbps ddos attacks.  [][]$[][][][][] [] [] [] [][][][][][][][][][][][][] [] [][][] [] [][][][] [] [][] []
 []




Package fancyhdr Warning: \headheight is too small (15.5pt): 
(fancyhdr)                Make it at least 17.93208pt, for example:
(fancyhdr)                \setlength{\headheight}{17.93208pt}.
(fancyhdr)                You might also make \topmargin smaller:
(fancyhdr)                \addtolength{\topmargin}{-2.43208pt}.

[55])))


Package fancyhdr Warning: \headheight is too small (15.5pt): 
(fancyhdr)                Make it at least 17.93208pt, for example:
(fancyhdr)                \setlength{\headheight}{17.93208pt}.
(fancyhdr)                You might also make \topmargin smaller:
(fancyhdr)                \addtolength{\topmargin}{-2.43208pt}.

[56] (./baocao_phuc.aux)
 ***********
LaTeX2e <2025-06-01> patch level 1
L3 programming layer <2025-06-09>
 ***********


LaTeX Warning: There were undefined references.


LaTeX Warning: Label(s) may have changed. Rerun to get cross-references right.


Package rerunfilecheck Warning: File `baocao_phuc.out' has changed.
(rerunfilecheck)                Rerun to get outlines right
(rerunfilecheck)                or use package `bookmark'.

Package rerunfilecheck Info: Checksums for `baocao_phuc.out':
(rerunfilecheck)             Before: <no file>
(rerunfilecheck)             After:  EC074436CE16D37B15F55579D5F445B6;14194.
 ) 
Here is how much of TeX's memory you used:
 17390 strings out of 468528
 328724 string characters out of 5451379
 794384 words of memory out of 5000000
 45468 multiletter control sequences out of 15000+600000
 634661 words of font info for 99 fonts, out of 8000000 for 9000
 1348 hyphenation exceptions out of 8191
 88i,20n,107p,1336b,599s stack positions out of 10000i,1000n,20000p,200000b,200000s

Output written on baocao_phuc.pdf (56 pages).
